,ID,name,address,rating,rating_number,price_level,lat,lng,open,Sun_open,Sun_close,Mon_open,Mon_close,Tue_open,Tue_close,Wed_open,Wed_close,Thur_open,Thur_close,Fri_open,Fri_close,Sat_open,Sat_close,url,wifi,time_limit,outlet,nearest_bus,bus_distance,nearest_station,station_distance
0,ChIJv-lPmcGrQjQRIZ3i9SxfgBg,True From,"No. 5號, Lane 158, Section 3, Bade Rd, Fujian Village, Songshan District, Taipei City, Taiwan 10554",4.5,1152,2.0,25.0474191,121.5552486,True,10:30:00,18:30:00,10:30:00,18:30:00,10:30:00,18:30:00,10:30:00,18:30:00,10:30:00,18:30:00,10:30:00,18:30:00,10:30:00,18:30:00,https://maps.google.com/?cid=1765515700637703457,yes,,,美仁里,94.90637454881958,台北小巨蛋,605.4320077246189
1,ChIJ-yeXD9erQjQR7H3fnZO8esg,CHIT CHAT Cafe 南京店,"105, Taiwan, Taipei City, Songshan District, Jixiang Village, Section 5, Nanjing E Rd, 38號1樓",4.6,1347,2.0,25.0512437,121.5594757,True,09:00:00,20:00:00,09:00:00,20:00:00,09:00:00,20:00:00,09:00:00,20:00:00,09:00:00,20:00:00,09:00:00,20:00:00,09:00:00,20:00:00,https://maps.google.com/?cid=14446066096939171308,,,yes,南京三民路口,108.52175079108899,南京三民,487.853406797118
2,ChIJJZ7aZQ-rQjQRRGxzqRLHe9A,"Cafe,honestly真拾生活","105, Taiwan, Taipei City, Songshan District, Yanshou St, 117-1號一樓117號後棟",4.9,460,,25.0572057,121.5649156,True,09:00:00,18:00:00,09:00:00,18:00:00,09:00:00,18:00:00,11:00:00,17:00:00,09:00:00,18:00:00,09:00:00,18:00:00,09:00:00,18:00:00,https://maps.google.com/?cid=15022819864990673988,,,,富泰里,52.7309276483807,南京三民,642.9764127247489
3,ChIJT2Oz1pKrQjQRRnykvhE9Bns,All Day Roasting Company,"105, Taiwan, Taipei City, Songshan District, Jieshou Village, Yanshou St, 329號1樓",4.4,2280,2.0,25.0568643,121.5602372,True,07:30:00,22:30:00,07:30:00,22:30:00,07:30:00,22:30:00,07:30:00,22:30:00,07:30:00,22:30:00,07:30:00,22:30:00,07:30:00,22:30:00,https://maps.google.com/?cid=8864840062947589190,,,,聯合二村,201.65903896420087,南京三民,728.8548242647405
5,ChIJJ--63GmrQjQR15I6nZY8NoU,BLUEROOM,"No. 1號, Alley 12, Lane 66, Section 5, Nanjing E Rd, Jixiang Village, Songshan District, Taipei City, Taiwan 105",4.8,383,,25.0504016,121.560551,True,11:00:00,18:00:00,09:30:00,18:00:00,09:30:00,18:00:00,,,09:30:00,18:00:00,09:30:00,18:00:00,11:00:00,18:00:00,https://maps.google.com/?cid=9598926273367413463,yes,,yes,南京三民路口,115.89328971363365,南京三民,395.60851626626993
6,ChIJfxLXfWOrQjQRkfowRGOA-Ro,lavi cafe ＃安居咖啡,"No. 116號, Fujin St, Jingzhong Village, Songshan District, Taipei City, Taiwan 105",4.8,142,,25.0596766,121.5529698,True,11:00:00,20:00:00,11:00:00,19:00:00,,,11:00:00,19:00:00,11:00:00,19:00:00,11:00:00,19:00:00,11:00:00,20:00:00,https://maps.google.com/?cid=1943725878021257873,,,,公教住宅,175.80754489243967,松山機場,401.6949421246987
8,ChIJTXOvEy6rQjQRYZg-gNv2wmM,NEMO COFFEE,"No. 2號, Alley 9, Lane 23, Section 5, Nanjing E Rd, Dongguang Village, Songshan District, Taipei City, Taiwan 105",4.8,100,1.0,25.0526949,121.5579313,True,,,09:00:00,17:45:00,09:00:00,17:45:00,09:00:00,17:45:00,09:00:00,17:45:00,09:00:00,17:45:00,10:00:00,18:00:00,https://maps.google.com/?cid=7188579377846589537,,,,南京新村,105.65442295637612,南京三民,658.3982875411588
9,ChIJw-n1EOMeaDQRfSYKft625pQ,瑞帛咖啡Rebirth Coffee,"No. 85號, Lane 11, Guangfu N Rd, Jixiang Village, Songshan District, Taipei City, Taiwan 105",4.4,702,2.0,25.0503626,121.5617335,True,10:00:00,19:00:00,10:00:00,19:00:00,10:00:00,19:00:00,10:00:00,19:00:00,10:00:00,19:00:00,10:00:00,19:00:00,10:00:00,19:00:00,https://maps.google.com/?cid=10729464228970374781,,,yes,南京三民路口,146.05573272781407,南京三民,285.160226149252
10,ChIJwV1LzxerQjQRpoW5sJkGZlM,汩咖啡 gu coffee ( 營運時間以ig公告為準 ）,"105, Taiwan, Taipei City, Songshan District, Fujian Village, Alley 48, Lane 6, Guangfu S Rd, 7號一樓",4.5,280,,25.047218,121.5564374,True,11:00:00,19:00:00,11:00:00,18:00:00,11:00:00,18:00:00,11:00:00,18:00:00,11:00:00,18:00:00,11:00:00,18:00:00,11:00:00,21:00:00,https://maps.google.com/?cid=6009498009937216934,,,,光復路口,90.95539628456062,鐵博西站,581.8051469660049
11,ChIJiWPYMgGrQjQRRERPm2SrhKI,Shawn,"No. 16號, Lane 8, Xinzhong St, Dongrong Village, Songshan District, Taipei City, Taiwan 105",4.6,463,2.0,25.0590456,121.5612891,True,10:00:00,18:00:00,10:00:00,18:00:00,10:00:00,18:00:00,10:00:00,18:00:00,10:00:00,18:00:00,10:00:00,18:00:00,10:00:00,18:00:00,https://maps.google.com/?cid=11710673379660874820,,yes,yes,民生社區活動中心,56.02116869522781,南京三民,897.0758802740338
12,ChIJx5pbLJCrQjQR-bUq5x-2j2s,Sky Cofi 咖啡館,"105, Taiwan, Taipei City, Songshan District, Zhongzheng Village, Section 3, Nanjing E Rd, 287號16樓",4.7,643,,25.0520768,121.5462024,True,11:00:00,18:00:00,08:30:00,18:30:00,08:30:00,18:30:00,08:30:00,18:30:00,08:30:00,18:30:00,08:30:00,18:30:00,11:00:00,18:00:00,https://maps.google.com/?cid=7750613731866490361,yes,yes,yes,捷運南京復興站,183.0112289366596,台北小巨蛋,536.2104608389532
13,ChIJfdeZjparQjQR6SFKjP1-33Y,PAUSEstudio,"No. 14號, Alley 18, Lane 250, Section 5, Nanjing E Rd, Xinju Village, Songshan District, Taipei City, Taiwan 105",4.7,480,,25.0500724,121.566801,True,10:00:00,19:30:00,10:00:00,19:30:00,,,10:00:00,19:30:00,10:00:00,19:30:00,10:00:00,19:30:00,10:00:00,19:30:00,https://maps.google.com/?cid=8565704643727466985,yes,,yes,新聚里,101.16323014300234,南京三民,293.13414208993146
15,ChIJUWioQs6rQjQR7gtiF30Rg-8,cafe BOMBOM,"No. 386號, Yanshou St, 松山區 Songshan District, Taipei City, Taiwan 105",4.8,196,,25.05627,121.5578356,True,10:30:00,19:00:00,10:30:00,19:00:00,10:30:00,19:00:00,10:30:00,19:00:00,10:30:00,19:00:00,10:30:00,19:00:00,10:30:00,19:00:00,https://maps.google.com/?cid=17258657425974758382,,,,松山新城,234.0416461126133,台北小巨蛋,816.5335258946569
16,ChIJJXnWJ3mrQjQRhAAAseqeQss,JODA CAFE 松山八德店,"10563, Taiwan, Taipei City, Songshan District, Fucheng Village, Section 4, Bade Rd, 16號1樓",4.9,1018,2.0,25.0480925,121.5585211,True,06:30:00,17:30:00,06:30:00,17:30:00,06:30:00,17:30:00,06:30:00,17:30:00,06:30:00,17:30:00,06:30:00,17:30:00,06:30:00,17:30:00,https://maps.google.com/?cid=14646443668991377540,,yes,,榮民服務處,73.98801776252084,鐵博西站,425.78381062940474
17,ChIJ0QDnrdirQjQRD2OySM4pb9I,yokoso coffee stand (民生店）,"No. 20號, Section 5, Minsheng E Rd, Jieshou Village, Songshan District, Taipei City, Taiwan 105",4.4,329,,25.0582026,121.5563364,True,09:30:00,18:30:00,08:30:00,17:30:00,08:30:00,17:30:00,08:30:00,17:30:00,08:30:00,17:30:00,08:30:00,17:30:00,09:30:00,18:30:00,https://maps.google.com/?cid=15163384436339401487,,,,介壽國中,31.77168800581412,松山機場,720.9048108305677
19,ChIJW1m9B7irQjQRVClOY6i0IqA,啡驛 Café E,"No. 83號, Section 5, Nanjing E Rd, Dongguang Village, Songshan District, Taipei City, Taiwan 105",4.8,140,,25.0516999,121.5599999,True,10:00:00,18:00:00,10:00:00,18:00:00,10:00:00,18:00:00,10:00:00,18:00:00,10:00:00,18:00:00,10:00:00,18:00:00,10:00:00,18:00:00,https://maps.google.com/?cid=11538983830590204244,,,,南京三民路口,60.13791308681038,南京三民,435.5730518430773
20,ChIJgzu_3EqrQjQRygLRQcZKTts,咖啡屋 珈琲や 台北松山工房,"No. 758號, Section 4, Bade Rd, Ciyou Village, Songshan District, Taipei City, Taiwan 105",4.5,751,2.0,25.049981,121.5788369,True,11:00:00,20:30:00,11:00:00,19:00:00,11:00:00,20:30:00,11:00:00,20:30:00,11:00:00,20:30:00,11:00:00,20:30:00,11:00:00,20:30:00,https://maps.google.com/?cid=15802650357857845962,,,,松山車站,34.2354016434853,松山,113.99504803720049
21,ChIJ0-93j7GrQjQRkaojyyna2ko,Cornerstone Cafe (Modern Australian Brunch),"No. 358號, Yanshou St, Songshan District, Taipei City, Taiwan 105",4.4,486,,25.0564391,121.558803,True,09:00:00,17:30:00,09:00:00,17:00:00,,,09:00:00,17:00:00,09:00:00,17:00:00,09:00:00,17:00:00,09:00:00,17:30:00,https://maps.google.com/?cid=5393863376766216849,,,,聯合二村,227.40106576632695,南京三民,785.1747769939199
22,ChIJEQ6z5e6rQjQR24LLOWbeGAs,Coffee Essential,"No. 3號, Alley 1, Lane 56, Section 4, Minsheng E Rd, Jingzhong Village, Songshan District, Taipei City, Taiwan 105",4.4,1466,2.0,25.0576079,121.551816,True,11:00:00,19:30:00,11:00:00,19:30:00,11:00:00,19:30:00,11:00:00,19:30:00,11:00:00,19:30:00,11:00:00,19:30:00,11:00:00,19:30:00,https://maps.google.com/?cid=799633464495932123,,,,公教住宅,70.20000323924718,松山機場,607.173084664772
24,ChIJ28wpwZSrQjQR6UhhK-JmCTc,NODE COFFEE ROASTERS,"No. 1號, Alley 2, Lane 123, Section 5, Nanjing E Rd, Dongguang Village, Songshan District, Taipei City, Taiwan 105",4.6,424,1.0,25.0521666,121.5608342,True,08:00:00,17:00:00,07:30:00,17:00:00,07:30:00,17:00:00,07:30:00,17:00:00,07:30:00,17:00:00,07:30:00,17:00:00,08:00:00,17:00:00,https://maps.google.com/?cid=3965814068452870377,,,,南京三民路口,74.52688117193561,南京三民,359.7708948330805
25,ChIJPzzGHvurQjQRP-5UfEESPZM,Nanjing23 Cafe (Nanjing Ershen Coffee),"No. 1-5號, Alley 6, Lane 23, Section 5, Nanjing E Rd, Dongguang Village, Songshan District, Taipei City, Taiwan 105",4.9,130,,25.052309,121.5581002,True,,,08:00:00,18:00:00,08:00:00,18:00:00,08:00:00,18:00:00,08:00:00,18:00:00,08:00:00,18:00:00,08:00:00,18:00:00,https://maps.google.com/?cid=10609656369622871615,yes,,,南京新村,119.87343333662713,南京三民,633.7834050779807
28,ChIJhZRGaI2rQjQRZvpe4QeIxq8,Qingkong Lane Jiaqi,"No. 11號, Lane 137, Section 5, Minsheng E Rd, Dongrong Village, Songshan District, Taipei City, Taiwan 105",4.3,829,2.0,25.059666,121.561368,True,10:00:00,17:00:00,10:00:00,17:00:00,,,10:00:00,17:00:00,10:00:00,17:00:00,10:00:00,17:00:00,10:00:00,17:00:00,https://maps.google.com/?cid=12665960569453345382,,,yes,民生社區活動中心,114.97941459239654,南京三民,959.5144680983103
29,ChIJHy61KmerQjQR8yhICwzF4lI,Kingmauii 金茂宜咖啡 台北小巨蛋直營店,"10595, Taiwan, Taipei City, Songshan District, Dongshi Village, Alley 14, Lane 75, Section 4, Nanjing E Rd, 1號1樓",4.7,1126,2.0,25.0521791,121.5536325,True,09:00:00,21:00:00,09:00:00,18:00:00,09:00:00,18:00:00,09:00:00,18:00:00,09:00:00,18:00:00,09:00:00,21:00:00,09:00:00,21:00:00,https://maps.google.com/?cid=5972552711366256883,,,,南京寧安街口,131.14401227609736,台北小巨蛋,222.12570091338296
30,ChIJ4wxUtBWoQjQRmgSDVP95tgE,Cafe 4 Way,"105, Taiwan, Taipei City, Songshan District, Dongrong Village, Lane 69, Section 5, Minsheng E Rd, 2之2號",4.5,647,2.0,25.0594735,121.5582901,True,09:30:00,18:00:00,09:30:00,18:00:00,,,09:30:00,18:00:00,09:30:00,18:00:00,09:30:00,18:00:00,09:30:00,18:00:00,https://maps.google.com/?cid=123420177340761242,,,,聯合二村,115.65253106478883,松山機場,783.5423577953858
31,ChIJc-SY0-SrQjQR1lvw4yf0gNA,DoDidDone Coffee Research,"No. 3號, Lane 58, Jiankang Rd, Dongshi Village, Songshan District, Taipei City, Taiwan 105",4.6,376,2.0,25.0530654,121.5533269,True,13:00:00,18:00:00,08:00:00,18:00:00,08:00:00,18:00:00,08:00:00,18:00:00,08:00:00,18:00:00,08:00:00,18:00:00,13:00:00,18:00:00,https://maps.google.com/?cid=15024276809073056726,,,,南京寧安街口,218.3463101314335,台北小巨蛋,239.54808640175204
33,ChIJl2thpeWrQjQR6-xtBFEkoHI,Gabee Coffee,"No. 21號, Lane 113, Section 3, Minsheng E Rd, Minyou Village, Songshan District, Taipei City, Taiwan 105",4.3,1162,2.0,25.0592895,121.5462454,True,10:00:00,18:00:00,10:00:00,18:00:00,10:00:00,18:00:00,10:00:00,18:00:00,10:00:00,18:00:00,10:00:00,18:00:00,10:00:00,18:00:00,https://maps.google.com/?cid=8259641646982753515,yes,,,民生復興路口,189.63502321277113,松山機場,685.7564900786168
37,ChIJTUqTLkGrQjQRuNazx5JuVms,CAFE!N 硬咖啡 松山意舍門市,"115, Taiwan, Taipei City, Nangang District, Hecheng Village, Section 7, Civic Blvd, 8號1樓",4.2,114,,25.0492807,121.5805022,True,08:00:00,16:30:00,07:30:00,16:30:00,07:30:00,16:30:00,07:30:00,16:30:00,07:30:00,16:30:00,07:30:00,16:30:00,08:00:00,16:30:00,https://maps.google.com/?cid=7734490986750138040,,,yes,玉成里,149.60568244924303,松山,236.33291005117323
39,ChIJB0PpcUKrQjQRuJ-11m16YlU,覺旅咖啡 Journey Kaffe 南京復興店,"105, Taiwan, Taipei City, Songshan District, Zhongzheng Village, Alley 8, Lane 303, Section 3, Nanjing E Rd, 7號1樓",4.1,1652,2.0,25.0530552,121.5471475,True,09:00:00,21:00:00,09:00:00,21:00:00,09:00:00,21:00:00,09:00:00,21:00:00,09:00:00,21:00:00,09:00:00,21:00:00,09:00:00,21:00:00,https://maps.google.com/?cid=6152614653113769912,yes,,yes,南京敦化路口,153.10607243965464,台北小巨蛋,464.55613146717457
40,ChIJr8_M6cerQjQRAuAcvSVhJmo,Copy Coffee,"No. 33號, Lane 85, Guangfu N Rd, Jixiang Village, Songshan District, Taipei City, Taiwan 105",4.7,23,,25.050548,121.5598754,True,,,10:00:00,16:00:00,10:00:00,16:00:00,10:00:00,16:00:00,10:00:00,16:00:00,,,,,https://maps.google.com/?cid=7648907831849836546,,,,南京三民路口,119.42275172594543,南京三民,457.59601240955266
41,ChIJv1KTkfKrQjQRc6i4XnPpsTY,Fujin Tree 353 Cafe,"No. 353號, Fujin St, Dongrong Village, Songshan District, Taipei City, Taiwan 10583",4.0,1387,2.0,25.0606632,121.5577698,True,09:00:00,18:00:00,09:00:00,18:00:00,09:00:00,18:00:00,09:00:00,18:00:00,09:00:00,18:00:00,09:00:00,18:00:00,09:00:00,18:00:00,https://maps.google.com/?cid=3941187830645565555,,,,民權公園,146.2261284915381,松山機場,676.6485345018075
42,ChIJJxk04eqrQjQRjpOFZEerukE,ASK for Cafe & Bar,"No. 163-3, Section 5, Nanjing E Rd, Dongguang Village, Songshan District, Taipei City, Taiwan 105",4.8,273,,25.0519186,121.5626265,True,10:00:00,17:30:00,09:00:00,17:30:00,09:00:00,17:30:00,09:00:00,17:30:00,09:00:00,17:30:00,09:00:00,17:30:00,10:00:00,17:30:00,https://maps.google.com/?cid=4736286281251001230,yes,,yes,西松國小,147.27195960539385,南京三民,177.98802563141365
43,ChIJj4VFoZSrQjQRd_Q-xfVMgHM,PK Caffè,"No. 2號, Alley 8, Lane 123, Section 5, Nanjing E Rd, Dongguang Village, Songshan District, Taipei City, Taiwan 105",4.5,327,1.0,25.0534191,121.5609699,True,07:30:00,16:00:00,07:30:00,16:00:00,07:30:00,16:00:00,,,07:30:00,16:00:00,07:30:00,16:00:00,07:30:00,16:00:00,https://maps.google.com/?cid=8322736729840612471,,,,長壽公園,117.5380765368708,南京三民,402.47137232641074
45,ChIJSSjxNJSrQjQRcjArZm8eJzI,恩山咖啡-南京三民店,"No. 48號, Lane 245, Section 4, Bade Rd, Jixiang Village, Songshan District, Taipei City, Taiwan 105",4.8,104,1.0,25.0503185,121.5643399,True,10:30:00,17:00:00,09:30:00,18:00:00,09:30:00,18:00:00,09:30:00,18:00:00,09:30:00,18:00:00,09:30:00,18:00:00,10:30:00,17:00:00,https://maps.google.com/?cid=3613890689792422002,,,,東興路一,96.43175973769317,南京三民,122.9396014727838
46,ChIJ2eSD_uSrQjQR3z5LCil1hFI,La Chaudière Coffee 樂初咖啡,"No. 6, Lane 361, Fuxing N Rd, Minyou Village, Songshan District, Taipei City, Taiwan 105",4.1,428,2.0,25.0603182,121.5453667,True,09:30:00,18:30:00,09:30:00,18:30:00,09:30:00,18:30:00,09:30:00,18:30:00,09:30:00,18:30:00,09:30:00,18:30:00,09:30:00,18:30:00,https://maps.google.com/?cid=5946006227162709727,yes,,,捷運中山國中站,126.23191526645059,松山機場,700.9326538738947
47,ChIJoYMtWu6rQjQR3koezN4YcCo,spoon cafe,"105, Taiwan, Taipei City, Songshan District, Jingzhong Village, Alley 4, Lane 97, Section 4, Minsheng E Rd, 2-1號號",4.0,1039,2.0,25.058775,121.5521518,True,10:00:00,18:00:00,10:00:00,19:00:00,10:00:00,19:00:00,10:00:00,19:00:00,10:00:00,19:00:00,10:00:00,19:00:00,10:00:00,18:00:00,https://maps.google.com/?cid=3057971492170910430,,,,公教住宅,84.1991908299594,松山機場,480.62241001660686
48,ChIJXUD1g6irQjQRXU0DhdymB6U,Cộng Cà Phê 台北光復南店,"No. 4號, Guangfu S Rd, Fujian Village, Songshan District, Taipei City, Taiwan 105",4.1,460,,25.0478254,121.5576437,True,09:30:00,20:30:00,09:30:00,20:30:00,09:30:00,20:30:00,09:30:00,20:30:00,09:30:00,20:30:00,09:30:00,20:30:00,09:30:00,20:30:00,https://maps.google.com/?cid=11891656807149686109,,,,臺北市區監理所(光復),54.379440380489754,鐵博西站,488.7811380587072
49,ChIJLU4r6jurQjQRrr44krDtxuY,The Gathering Cafe,"105, Taiwan, Taipei City, Songshan District, Dongshi Village, Lane 8, Jiankang Rd, 5號1樓",4.8,160,,25.0523384,121.5529739,True,10:30:00,18:00:00,10:30:00,18:00:00,10:30:00,18:00:00,10:30:00,18:00:00,10:30:00,18:00:00,10:30:00,18:00:00,10:30:00,18:00:00,https://maps.google.com/?cid=16629240016735354542,,,,南京寧安街口,198.3307027695218,台北小巨蛋,165.4705861515889
50,ChIJf6FaKTirQjQRVWaZiD55weI,Oguri Coffee 小栗原珈琲 · 咖啡,"No. 221號, Songshan Rd, Yongchun Village, Xinyi District, Taipei City, Taiwan 110",4.6,373,,25.044913,121.577973,True,08:00:00,18:00:00,08:00:00,18:00:00,08:00:00,18:00:00,08:00:00,18:00:00,08:00:00,18:00:00,08:00:00,18:00:00,08:00:00,18:00:00,https://maps.google.com/?cid=16339474232563557973,,,yes,永吉松山路口,12.216894268740091,後山埤,439.32479194533227
51,ChIJ9ToZ2JKrQjQRQ3vAM8GGvls,J12 Café,"No. 324號, Yanshou St, Ziqiang Village, Songshan District, Taipei City, Taiwan 105",4.1,524,2.0,25.0564663,121.5610523,True,08:00:00,18:30:00,08:00:00,18:30:00,08:00:00,18:30:00,08:00:00,18:30:00,08:00:00,18:30:00,08:00:00,18:30:00,08:00:00,18:30:00,https://maps.google.com/?cid=6610869467381529411,,,,民生社區活動中心,238.20082748334067,南京三民,647.5334066860764
53,ChIJk26mBvipQjQRJa9nZYSYXvo,Moon Baking studio 松山店,"No. 47號, Lane 313, Fuxing N Rd, Minyou Village, Songshan District, Taipei City, Taiwan 105",4.2,1162,,25.0590469,121.5471484,True,10:00:00,18:00:00,10:00:00,18:00:00,10:00:00,18:00:00,10:00:00,18:00:00,10:00:00,18:00:00,10:00:00,18:00:00,10:00:00,18:00:00,https://maps.google.com/?cid=18041024851697184549,,,,民生敦化路口,135.39515440991485,松山機場,634.9686344415261
55,ChIJ85whEZurQjQR5oeX9Aq3e2Q,夏綠沁私房義大利麵燉飯,"No. 37號, Lane 244, Dunhua N Rd, Minyou Village, Songshan District, Taipei City, Taiwan 105",4.8,887,2.0,25.0610134,121.5476114,True,11:00:00,20:00:00,11:00:00,20:00:00,11:00:00,20:00:00,11:00:00,20:00:00,11:00:00,20:00:00,11:00:00,20:00:00,11:00:00,20:00:00,https://maps.google.com/?cid=7240582083609331686,,,,民權敦化路口,113.89651026976267,松山機場,464.5316552792367
56,ChIJBy9WAHyrQjQRCDU8Cp-PLAc,子木咖啡,"No. 412號, Yanshou St, Longtian Village, Songshan District, Taipei City, Taiwan 105",4.5,184,,25.0562207,121.5568432,True,10:15:00,16:30:00,08:00:00,16:30:00,08:00:00,17:00:00,,,08:00:00,17:00:00,08:00:00,17:00:00,08:00:00,17:00:00,https://maps.google.com/?cid=516945970475054344,,,,松山新城,143.51425029749439,台北小巨蛋,737.0062753859062
58,ChIJAabYBY2rQjQRkkSSkK9SiIU,Joe’s Cafe,"No. 464號, Fujin St, Sanmin Village, Songshan District, Taipei City, Taiwan 105",4.6,455,2.0,25.060761,121.56233,True,11:00:00,18:00:00,11:00:00,18:00:00,11:00:00,18:00:00,,,,,11:00:00,18:00:00,11:00:00,18:00:00,https://maps.google.com/?cid=9622031517875324050,,,yes,廣合新村,105.01446317477708,南京三民,1052.9150901808714
60,ChIJOSbdSz2rQjQRtqbdUdBUfr8,Buna Cafe,"110, Taiwan, Taipei City, Xinyi District, Tonghua Village, 信義路四段415之3號",4.6,3730,2.0,25.0331987,121.5594265,True,08:00:00,00:00:00,09:00:00,00:00:00,09:00:00,00:00:00,09:00:00,00:00:00,09:00:00,00:00:00,09:00:00,00:00:00,08:00:00,00:00:00,https://maps.google.com/?cid=13798559562013189814,yes,,,世貿中心(基隆路),40.58419728092318,台北101/世貿,305.63341707390435
61,ChIJwcX3otarQjQRIitJYrhT0do,Snob Cafe｜早午餐｜可頌專賣,"No. 21號, Lane 147, Section 1, Keelung Rd, Xingya Village, Xinyi District, Taipei City, Taiwan 110",4.4,355,,25.0424935,121.5666933,True,11:00:00,18:30:00,11:00:00,18:30:00,11:00:00,18:30:00,11:00:00,18:30:00,11:00:00,18:30:00,11:00:00,18:30:00,11:00:00,18:30:00,https://maps.google.com/?cid=15767475821788867362,,,,捷運市政府站,135.22931623249227,市政府,162.65653424261095
62,ChIJfZJaTwCrQjQRrSgCZr0uiiU,KA sky coffee,"110, Taiwan, Taipei City, Xinyi District, Ankang Village, Songgao Rd, 77號33樓",4.1,785,,25.0393334,121.5703448,True,10:00:00,18:00:00,10:00:00,18:00:00,10:00:00,18:00:00,10:00:00,18:00:00,10:00:00,18:00:00,10:00:00,18:00:00,10:00:00,18:00:00,https://maps.google.com/?cid=2705025917184518317,yes,,,中油大樓,99.25639850798498,市政府,472.2851764816706
63,ChIJsyDAErKrQjQRbhOuAcwyZ3k,kafeD Shin Kong Mitsukoshi Taipei Xinyi A8 Shop,"110420, Taiwan, Taipei City, Xinyi District, Xicun Village, Songgao Rd, 12號號 B2",4.4,265,,25.0380379,121.5666758,True,11:00:00,21:30:00,11:00:00,21:30:00,11:00:00,21:30:00,11:00:00,21:30:00,11:00:00,21:30:00,11:00:00,22:00:00,11:00:00,22:00:00,https://maps.google.com/?cid=8748016652973380462,,,,消防局 (松仁),180.74902318495268,市政府,347.2344196575901
65,ChIJtSXHJ4OrQjQR5j2AYLItRkU,象山日光珈琲 Sunshine Cafe,"110, Taiwan, Taipei City, Xinyi District, Sanli Village, 信義路五段150巷22弄55號",4.6,967,2.0,25.0273234,121.5703862,True,10:00:00,20:00:00,11:00:00,20:00:00,11:00:00,20:00:00,11:00:00,20:00:00,11:00:00,20:00:00,11:00:00,20:00:00,10:00:00,20:00:00,https://maps.google.com/?cid=4991727481133219302,,yes,,吳興國小(松仁),200.7380414494827,象山,617.4175983801582
66,ChIJO5-t8OqrQjQR15iDdqhDAxw,Ogawa Cafe,"No. 39號, Wuxing St, Jinglian Village, Xinyi District, Taipei City, Taiwan 110",4.7,239,,25.0313029,121.5600607,True,10:00:00,17:00:00,09:00:00,17:00:00,09:00:00,17:00:00,09:00:00,17:00:00,09:00:00,17:00:00,09:00:00,17:00:00,10:00:00,17:00:00,https://maps.google.com/?cid=2018531448814016727,,,yes,世貿中心(莊敬),117.54177830212849,台北101/世貿,303.985890271756
67,ChIJJTBNPgCrQjQR4GMq-JXga_0,城南咖啡 手沖專門店,"110, Taiwan, Taipei City, Xinyi District, Xinren Village, Alley 6, Lane 553, Section 4, Zhongxiao E Rd, 14-1號1樓",4.9,60,,25.0421892,121.5634449,True,11:00:00,18:30:00,11:00:00,18:30:00,,,11:00:00,18:30:00,11:00:00,18:30:00,11:00:00,18:30:00,11:00:00,18:30:00,https://maps.google.com/?cid=18260936048822084576,,,,聯合報,107.03794421857529,市政府,292.5628721331272
68,ChIJYX-jZtOrQjQRRvmf0BsWCdM,Café Kitsuné BELLAVITA,"110, Taiwan, Taipei City, Xinyi District, Xingya Village, Songren Rd, 28號2 樓",4.5,618,,25.0397979,121.5674743,True,11:00:00,21:30:00,11:00:00,21:30:00,11:00:00,21:30:00,11:00:00,21:30:00,11:00:00,21:30:00,11:00:00,22:00:00,11:00:00,22:00:00,https://maps.google.com/?cid=15206709925513263430,,,,消防局(松仁),88.43759790294374,市政府,202.38428037886325
69,ChIJ1UgRne-rQjQRfmPwOdhPK0Q,CURISTA COFFEE Taipei City Hall Shop,"110, Taiwan, Taipei City, Xinyi District, Xinren Village, Section 4, Zhongxiao E Rd, 563號1樓",4.6,1810,2.0,25.0415889,121.56405,True,07:30:00,20:00:00,07:30:00,20:00:00,07:30:00,20:00:00,07:30:00,20:00:00,07:30:00,20:00:00,07:30:00,20:00:00,07:30:00,20:00:00,https://maps.google.com/?cid=4912107608681243518,,yes,yes,聯合報,109.74040782957744,市政府,213.05768270411835
70,ChIJnzS1TEurQjQRigcsV0RpA8U,Coffee by U x SACHI CAFÉ,"110, Taiwan, Taipei City, Xinyi District, Xinren Village, Lane 553, Section 4, Zhongxiao E Rd, 42-1號1樓",4.8,116,,25.044065,121.562883,True,10:30:00,19:00:00,10:30:00,19:00:00,,,10:30:00,19:00:00,10:30:00,19:00:00,10:30:00,19:00:00,10:30:00,19:00:00,https://maps.google.com/?cid=14196306192643131274,,,,聯合報,298.87394012327246,鐵博西站,227.38865584563138
71,ChIJuwSAUgKrQjQRcoehOnVjvHo,根本在旅行-信義品牌概念店,"No. 4-1號, Alley 22, Lane 553, Section 4, Zhongxiao E Rd, Xinren Village, Xinyi District, Taipei City, Taiwan 110",4.7,384,,25.0431582,121.5631859,True,09:00:00,20:00:00,09:00:00,20:00:00,09:00:00,20:00:00,09:00:00,20:00:00,09:00:00,20:00:00,10:00:00,21:00:00,10:00:00,21:00:00,https://maps.google.com/?cid=8844053123394799474,,,,聯合報,205.61613549292085,鐵博西站,332.0987814483166
72,ChIJg6l8xZCrQjQRlSUFh9bJdZ8,CuppaCuppa Cafe,"No. 14號, Lane 559, Section 4, Zhongxiao E Rd, Xinren Village, Xinyi District, Taipei City, Taiwan 110",4.9,400,,25.0421521,121.5637398,True,09:00:00,17:00:00,07:30:00,17:30:00,07:30:00,17:30:00,07:30:00,17:30:00,07:30:00,17:30:00,07:30:00,17:30:00,09:00:00,17:00:00,https://maps.google.com/?cid=11490311947531134357,,,,聯合報,119.12140983375768,市政府,263.7856682036784
73,ChIJwZpX2-arQjQRucgFA5icKqA,旅人日誌咖啡-信義店,"110, Taiwan, Taipei City, Xinyi District, Zhongxing Village, 信義路四段391號1樓",4.7,141,,25.0332999,121.558381,True,10:00:00,18:00:00,10:00:00,18:30:00,10:00:00,18:30:00,10:00:00,18:30:00,10:00:00,18:30:00,10:00:00,18:30:00,10:00:00,18:00:00,https://maps.google.com/?cid=11541209171789990073,,,yes,信義光復路口,63.44904899731343,台北101/世貿,411.7149248961083
74,ChIJRUfS6sarQjQRlmyqTMr0KPg,立良COFFEE: STAND UP (不適合用電腦/不接4人以上）,"110, Taiwan, Taipei City, Xinyi District, Yaxiang Village, 永吉路61號",4.6,453,1.0,25.0459335,121.5690651,True,11:00:00,17:30:00,11:00:00,19:30:00,11:00:00,19:30:00,,,12:00:00,19:30:00,11:00:00,19:30:00,11:00:00,17:30:00,https://maps.google.com/?cid=17881811470181362838,,yes,yes,興雅國小,67.5797313819031,鐵博東站,501.6811079223481
75,ChIJV-5wyASrQjQRJrUM3cE9X9o,kafeD Taipei 101 Shop,"110615, Taiwan, Taipei City, Xinyi District, 信義區 Section 5, Xinyi Rd, 7號89樓",4.5,506,,25.0337938,121.5648629,True,10:00:00,21:00:00,10:00:00,21:00:00,10:00:00,21:00:00,10:00:00,21:00:00,10:00:00,21:00:00,10:00:00,21:00:00,10:00:00,21:00:00,https://maps.google.com/?cid=15735363525902382374,,yes,,101國際購物中心,72.3654893310293,台北101/世貿,260.13481056070987
77,ChIJCdBOMP6rQjQRPExzFfbBQ9k,Fika Fika Cafe A13,"110, Taiwan, Taipei City, Xinyi District, Xicun Village, Songren Rd, 58號 號B3",4.3,808,,25.0368519,121.5677823,True,11:00:00,21:30:00,11:00:00,21:30:00,11:00:00,21:30:00,11:00:00,21:30:00,11:00:00,21:30:00,11:00:00,22:00:00,11:00:00,22:00:00,https://maps.google.com/?cid=15655569992335969340,,,,興雅國中,64.05326597994481,象山,484.287480771155
79,ChIJEWcWs66rQjQRPSid4xgfr8A,Le Mani 琢手咖啡 信義店,"No. 23號, Alley 2, Lane 236, Section 5, Zhongxiao E Rd, Guangju Village, Xinyi District, Taipei City, Taiwan 11064",4.3,222,,25.0403784,121.5707662,True,10:30:00,18:00:00,10:30:00,18:00:00,10:30:00,18:00:00,10:30:00,18:00:00,10:30:00,18:00:00,10:30:00,18:00:00,10:30:00,18:00:00,https://maps.google.com/?cid=13884350367964932157,,,yes,市立工農(正門),110.72124636922362,市政府,478.1884854936264
80,ChIJTbRQod2rQjQRum08B-IpGvY,成真咖啡 台北信義寶麗廣場店,"110, Taiwan, Taipei City, Xinyi District, Xingya Village, Songren Rd, 28號B2F",4.7,2124,,25.0396219,121.567641,True,11:00:00,21:30:00,11:00:00,21:30:00,11:00:00,21:30:00,11:00:00,21:30:00,11:00:00,21:30:00,11:00:00,22:00:00,11:00:00,22:00:00,https://maps.google.com/?cid=17733532533485497786,yes,,,消防局(松仁),68.88996253068906,市政府,228.113922360442
81,ChIJvU8_KbmrQjQRW5_bCp7WaKs,Zhanlu Coffee (City Hall),"No. 4號, Alley 6, Lane 553, Section 4, Zhongxiao E Rd, Xinren Village, Xinyi District, Taipei City, Taiwan 11072",4.5,1083,2.0,25.0422129,121.5630112,True,10:00:00,19:00:00,10:00:00,19:00:00,10:00:00,19:00:00,10:00:00,19:00:00,10:00:00,19:00:00,10:00:00,19:00:00,10:00:00,19:00:00,https://maps.google.com/?cid=12351357952338927451,,,yes,聯合報,100.10700422005087,市政府,334.04336462207505
83,ChIJlxI4ismrQjQRnmAHnozDIug,Woolloomooloo,"110, Taiwan, Taipei City, Xinyi District, Zhongxing Village, 信義路四段379號",4.0,4729,2.0,25.0333036,121.5581173,True,07:30:00,23:00:00,07:30:00,23:00:00,07:30:00,23:00:00,07:30:00,23:00:00,07:30:00,23:00:00,07:30:00,00:00:00,07:30:00,00:00:00,https://maps.google.com/?cid=16727146974721564830,,,,信義光復路口,39.27386040409853,台北101/世貿,438.26858407450607
84,ChIJT7dRIq6rQjQR997I-m_QXxc,CAFE ACME mini｜Taipei 101,"110, Taiwan, Taipei City, Xinyi District, 信義區 Section 5, Xinyi Rd, 7號35樓",4.3,746,2.0,25.0334688,121.5647672,True,10:00:00,18:00:00,08:00:00,18:00:00,08:00:00,18:00:00,08:00:00,18:00:00,08:00:00,18:00:00,08:00:00,18:00:00,10:00:00,18:00:00,https://maps.google.com/?cid=1684293965027270391,,yes,yes,捷運台北101/世貿站 (信義),75.04723476140155,台北101/世貿,240.52218824068387
85,ChIJBdnZf1WrQjQR5FeFgs4TC2M,yet coffee x deep work（不能說話的咖啡廳）,"110, Taiwan, Taipei City, Xinyi District, Sanli Village, Alley 11, Lane 150, Section 5, Xinyi Rd, 1號1樓",4.8,180,,25.0278978,121.5688622,True,10:00:00,00:00:00,11:00:00,00:00:00,11:00:00,00:00:00,11:00:00,00:00:00,11:00:00,00:00:00,11:00:00,00:00:00,10:00:00,00:00:00,https://maps.google.com/?cid=7136819812172650468,yes,,yes,吳興國小(松仁),101.01328032201819,象山,557.889061309419
89,ChIJg_v_bLOrQjQRWQu2OrP3GCg,大山咖啡店,"No. 1號, Alley 2, Lane 423, Zhuangjing Rd, Sanzhang Village, Xinyi District, Taipei City, Taiwan 110",4.6,633,2.0,25.0276301,121.5668061,True,12:00:00,19:00:00,10:00:00,18:00:00,10:00:00,18:00:00,,,10:00:00,18:00:00,10:00:00,18:00:00,12:00:00,19:00:00,https://maps.google.com/?cid=2889331510114388825,,yes,,信義國中(莊敬),109.09749028028092,象山,652.1783871111676
91,ChIJLfHPyr2rQjQRSM3hOuLzSKg,LEAVES Cafe 午葉信義,"No. 3號, Alley 167, Lane 30, Yongji Rd, Xingya Village, Xinyi District, Taipei City, Taiwan 110",4.1,1098,,25.0420261,121.5688949,True,09:00:00,20:30:00,09:00:00,20:30:00,09:00:00,20:30:00,09:00:00,20:30:00,09:00:00,20:30:00,09:00:00,20:30:00,09:00:00,20:30:00,https://maps.google.com/?cid=12126210149671095624,,,,消防局 (忠孝),142.32285156308527,市政府,299.08961311289744
93,ChIJ-T0oEOurQjQREMhFzXVQP54,HOHO DRINKS 台北信義,"No. 8號, Alley 16, Lane 559, Section 4, Zhongxiao E Rd, Xinren Village, Xinyi District, Taipei City, Taiwan 110",4.8,628,1.0,25.0422605,121.5641634,True,11:00:00,18:00:00,11:00:00,18:00:00,11:00:00,18:00:00,11:00:00,18:00:00,11:00:00,18:00:00,11:00:00,18:00:00,11:00:00,18:00:00,https://maps.google.com/?cid=11402921248410683408,,,,聯合報,157.25173347942746,市政府,232.19850074421709
94,ChIJwXxtkiyrQjQRfkGJadtqaEU,Le Voisin,"110, Taiwan, Taipei City, Xinyi District, Yongchun Village, Lane 287, Songshan Rd, 42號1樓",4.8,168,,25.042836,121.579715,True,11:00:00,21:00:00,11:00:00,21:00:00,11:00:00,21:00:00,11:00:00,18:00:00,,,11:00:00,21:00:00,11:00:00,21:00:00,https://maps.google.com/?cid=5001364876795920766,,,,春光公園,88.65594105219144,後山埤,337.3116798125087
95,ChIJ6exNH6arQjQR8Yq6GDf8_tE,Dreamers Coffee Roasters A8 Store,"110, Taiwan, Taipei City, Xinyi District, Xicun Village, Songgao Rd, 12號1 樓",4.2,652,,25.0387919,121.5667334,True,11:00:00,21:30:00,11:00:00,21:30:00,11:00:00,21:30:00,11:00:00,21:30:00,11:00:00,21:30:00,11:00:00,22:00:00,11:00:00,22:00:00,https://maps.google.com/?cid=15131809111579724529,,,,消防局 (松仁),158.9743822620116,市政府,266.5927684724796
100,ChIJ4xjH9ierQjQR169ymBtb2Fw,CURISTA COFFEE,"110, Taiwan, Taipei City, Xinyi District, Xicun Village, Songshou Rd, 11號2樓",4.5,226,,25.0365446,121.5672369,True,11:00:00,21:30:00,11:00:00,21:30:00,11:00:00,21:30:00,11:00:00,21:30:00,11:00:00,21:30:00,11:00:00,22:00:00,11:00:00,22:00:00,https://maps.google.com/?cid=6690197420538769367,yes,,,松壽路口,90.67546408014458,象山,480.2296522399193
102,ChIJV_BUy3qrQjQRKDEZ3o_zD6Q,UUCAFE 北歐精品咖啡 台北概念店,"110058, Taiwan, Taipei City, Xinyi District, 信義區 Section 1, Keelung Rd, 145號一樓",4.8,120,,25.0427826,121.5656683,True,,,09:00:00,18:00:00,09:00:00,18:00:00,09:00:00,18:00:00,09:00:00,18:00:00,09:00:00,18:00:00,10:30:00,16:30:00,https://maps.google.com/?cid=11821935346102907176,,,yes,松山高中 (基隆路),179.99146178992905,市政府,188.3552589275159
103,ChIJeytXpc2rQjQRr5wP80LPwTQ,Congrats Café,"No. 49號, Wenchang St, Yi'an Village, Da’an District, Taipei City, Taiwan 106",4.4,1434,2.0,25.0329519,121.5505806,True,11:00:00,20:00:00,09:00:00,20:00:00,09:00:00,20:00:00,09:00:00,20:00:00,09:00:00,20:00:00,09:00:00,20:00:00,11:00:00,20:00:00,https://maps.google.com/?cid=3801547446930087087,yes,,yes,捷運信義安和站(信義),83.30951360311651,信義安和,218.10278472288832
104,ChIJQeGuX7mrQjQRb9s9TFfLvfM,WIRED TOKYO Taiwan Xinyi,"5樓, No. 8, Section 5 of Zhongxiao East RoadSection 5 of Zhongxiao E Rd, Xingya Village, Xinyi District, Taipei City, Taiwan 110",3.6,689,2.0,25.0407841,121.5654056,True,11:00:00,21:30:00,11:00:00,21:30:00,11:00:00,21:30:00,11:00:00,21:30:00,11:00:00,21:30:00,11:00:00,22:00:00,11:00:00,22:00:00,https://maps.google.com/?cid=17563417697616517999,,,,市府轉運站,32.360928106722724,市政府,79.75994123891381
107,ChIJqVNMY0mpQjQRwVZhht6ieJg,Saturn Landing Turkish Coffee,"110, Taiwan, Taipei City, Xinyi District, Xinglong Village, Lane 42, Yixian Rd, 19號1樓",4.7,1683,2.0,25.0402601,121.5629834,True,12:00:00,20:00:00,11:00:00,19:00:00,11:00:00,19:00:00,11:00:00,19:00:00,11:00:00,19:00:00,12:00:00,20:00:00,12:00:00,20:00:00,https://maps.google.com/?cid=10986710367591290561,,,,聯合報,110.70195424488078,市政府,328.87355593597044
108,ChIJmfcK4MGrQjQR2yzYvsXmflo,NSFW Pizza & Coffee,"No. 68號, Section 5 of Zhongxiao East RoadSection 5 of Zhongxiao E Rd, Xingya Village, Xinyi District, Taipei City, Taiwan 110",4.6,311,,25.0402374,121.5667248,True,10:00:00,20:00:00,08:00:00,20:00:00,08:00:00,20:00:00,08:00:00,20:00:00,08:00:00,20:00:00,08:00:00,20:00:00,10:00:00,20:00:00,https://maps.google.com/?cid=6520903047463840987,,,,捷運市政府站,78.34445592971947,市政府,117.12193283201292
109,ChIJh5WOawCrQjQRF9SuYHd4Hws,Bacha Coffee Shin Kong Mitsukoshi A8,"Shin Kong Mitsukoshi Taipei Xinyi Place A8, No, 1FNo. 12松高路信義區臺北市 Taiwan 110",3.8,952,2.0,25.0382241,121.5667909,True,11:00:00,21:30:00,11:00:00,21:30:00,11:00:00,21:30:00,11:00:00,21:30:00,11:00:00,21:30:00,11:00:00,22:00:00,11:00:00,22:00:00,https://maps.google.com/?cid=801491712813749271,,,,消防局 (松仁),162.24186809941338,市政府,329.1815650679899
110,ChIJj9j7W2WrQjQR_UgmSg_0jkw,LOST and Found Xinyi Store,"No. 50號, Lane 11, Section 2, Dunhua S Rd, Yi'an Village, Da’an District, Taipei City, Taiwan 106",4.1,859,,25.0324772,121.5512248,True,08:00:00,19:00:00,08:00:00,19:00:00,08:00:00,19:00:00,08:00:00,19:00:00,08:00:00,19:00:00,08:00:00,19:00:00,08:00:00,19:00:00,https://maps.google.com/?cid=5516614940081146109,,,,捷運信義安和站(信義),80.33614683899582,信義安和,168.50770930788332
112,ChIJQ5QhAkapQjQRM22D_eJX6Vw,Treellage Life Cafe,"110, Taiwan, Taipei City, Xinyi District, 信義區 Alley 158, Lane 30, Yongji Rd, 13號1樓",4.5,325,,25.042491,121.56819,True,12:00:00,20:00:00,09:00:00,18:00:00,09:00:00,18:00:00,09:00:00,18:00:00,,,09:00:00,18:00:00,12:00:00,20:00:00,https://maps.google.com/?cid=6694978953490427187,yes,,yes,松山高中(松隆),127.19376187838257,市政府,259.38302111811834
113,ChIJ0x4cdgarQjQRk8gaCXVRM3Q,FLIPPER'S 奇蹟的舒芙蕾鬆餅 統一信義DREAM PLAZA店,"110, Taiwan, Taipei City, Xinyi District, Xingya Village, Songgao Rd, 11號2 樓",4.8,1049,,25.039718,121.5653284,True,11:00:00,21:30:00,11:00:00,21:30:00,11:00:00,21:30:00,11:00:00,21:30:00,11:00:00,21:30:00,11:00:00,22:00:00,11:00:00,22:00:00,https://maps.google.com/?cid=8373125695317657747,,yes,,市府轉運站,71.25911885477282,市政府,174.54543683327475
115,ChIJr5dDn9-rQjQR2iQpDBPR_TI,春嶼spring 微風信義店,"110, Taiwan, Taipei City, Xinyi District, Xingya Village, Section 5 of Zhongxiao East RoadSection 5 of Zhongxiao E Rd, 68號4 樓",4.5,41,,25.0405509,121.5671663,True,11:00:00,21:30:00,11:00:00,21:30:00,11:00:00,21:30:00,11:00:00,21:30:00,11:00:00,22:00:00,11:00:00,22:00:00,11:00:00,22:00:00,https://maps.google.com/?cid=3674322750742799578,,yes,,捷運市政府站,54.740783696910626,市政府,125.19853330199935
116,ChIJjfcqZ5qrQjQRPZgzO29bhXM,Hoshino Coffee SKM Taipei Xinyi A8 Shop,"110, Taiwan, Taipei City, Xinyi District, Xicun Village, Songgao Rd, 12號2樓",3.2,733,,25.0382389,121.567027,True,11:00:00,21:30:00,11:00:00,21:30:00,11:00:00,21:30:00,11:00:00,21:30:00,11:00:00,21:30:00,11:00:00,22:00:00,11:00:00,22:00:00,https://maps.google.com/?cid=8324160019556964413,yes,yes,,消防局 (松仁),139.3823004336144,市政府,333.4660298158158
119,ChIJn3Ejo7WrQjQRNGr6hd6YrsA,Cloud 9 Cafe 信義店,"110, Taiwan, Taipei City, Xinyi District, Jingxin Village, Zhuangjing Rd, 208號1樓",4.6,1260,2.0,25.0302868,121.5614789,True,11:00:00,21:00:00,11:00:00,21:00:00,11:00:00,21:00:00,11:00:00,21:00:00,11:00:00,21:00:00,11:00:00,21:00:00,11:00:00,21:00:00,https://maps.google.com/?cid=13884202782727760436,,,,景新里,129.2556317318057,台北101/世貿,313.81001247484454
120,ChIJKwLW-2-rQjQREMTkGo_klr0,noon,"No. 2-1號, Lane 142, Rui'an St, Longtu Village, Da’an District, Taipei City, Taiwan 106",4.6,472,2.0,25.0295273,121.5416819,True,09:30:00,18:00:00,09:30:00,18:00:00,09:30:00,18:00:00,09:30:00,18:00:00,09:30:00,18:00:00,09:30:00,18:00:00,09:30:00,18:00:00,https://maps.google.com/?cid=13661357822957634576,,,,開平餐飲學校,167.6584168895398,科技大樓,419.7937053274469
121,ChIJh-ZpGCqqQjQREBZ6iOoC-Wg,Coffee Naps 蓁澄咖啡手作坊,"10661, Taiwan, Taipei City, Da’an District, Longsheng Village, Ln. 256, Rui'an St, 29號1樓",4.7,611,2.0,25.0277417,121.5383404,True,11:00:00,20:30:00,11:00:00,20:30:00,11:00:00,20:30:00,11:00:00,20:30:00,11:00:00,20:30:00,11:00:00,20:30:00,11:00:00,20:30:00,https://maps.google.com/?cid=7564080255480763920,yes,,yes,和平建國路口,160.67650577814442,科技大樓,547.6973816550449
122,ChIJUcTSlCqqQjQRxgKeev6eUXw,2J Cafe,"No. 9, Lane 79, Section 2, Jianguo S Rd, Longtu Village, Da’an District, Taipei City, Taiwan 106",4.3,2434,2.0,25.0309655,121.538374,True,11:00:00,22:00:00,11:00:00,22:00:00,11:00:00,22:00:00,11:00:00,22:00:00,11:00:00,22:00:00,11:00:00,22:00:00,11:00:00,22:00:00,https://maps.google.com/?cid=8958115949632684742,,,,建國南路,116.33143761717791,大安森林公園,424.5819210537626
123,ChIJb4yk1iiqQjQRmsoLWtZ9nYQ,Stoppage Time,"No. 30, Alley 15, Lane 96, Section 2, Heping E Rd, Longyuan Village, Da’an District, Taipei City, Taiwan 106",4.4,1362,2.0,25.0232708,121.542277,True,11:00:00,22:00:00,11:00:00,22:00:00,11:00:00,22:00:00,11:00:00,22:00:00,11:00:00,22:00:00,11:00:00,22:00:00,11:00:00,22:00:00,https://maps.google.com/?cid=9555932343937256090,,,yes,大安健康服務中心,105.91363473739311,科技大樓,335.4838941701785
124,ChIJeytXpc2rQjQRr5wP80LPwTQ,Congrats Café,"No. 49號, Wenchang St, Yi'an Village, Da’an District, Taipei City, Taiwan 106",4.4,1434,2.0,25.0329519,121.5505806,True,11:00:00,20:00:00,09:00:00,20:00:00,09:00:00,20:00:00,09:00:00,20:00:00,09:00:00,20:00:00,09:00:00,20:00:00,11:00:00,20:00:00,https://maps.google.com/?cid=3801547446930087087,yes,,yes,捷運信義安和站(信義),83.30951360311651,信義安和,218.10278472288832
125,ChIJS8PFBnypQjQRd1zxLxoO93I,Jack & NaNa coffee store,"No. 11號, Lane 157, Section 1, Heping E Rd, Long'an Village, Da’an District, Taipei City, Taiwan 106",4.6,892,2.0,25.0267324,121.5316226,True,13:00:00,18:30:00,11:00:00,19:00:00,11:00:00,19:00:00,,,11:00:00,19:00:00,11:00:00,19:00:00,13:00:00,18:30:00,https://maps.google.com/?cid=8284105545207602295,,,,溫州街口,115.93320014656776,台電大樓,760.3348309587036
126,ChIJ2WvYcX-pQjQR62iQUsj5j6U,Zhanlu Coffee Daan Shop,"No. 2-1號, Lane 161, Section 1, Xinsheng S Rd, Minzhao Village, Da’an District, Taipei City, Taiwan 106",4.4,1272,2.0,25.0345666,121.5332974,True,10:00:00,19:00:00,10:00:00,20:00:00,10:00:00,20:00:00,10:00:00,20:00:00,10:00:00,20:00:00,10:00:00,20:00:00,10:00:00,20:00:00,https://maps.google.com/?cid=11930028576701704427,yes,,yes,信義新生路口,104.1533522398643,大安森林公園,228.89621179588318
127,ChIJV3lYki2qQjQR_xzVT7PTvwc,"The Folks (Last Order about 12:40-12:50, please come earlier for your morning coffee! :)","No. 3-1號, Lane 208, Siwei Rd, Qunxian Village, Da’an District, Taipei City, Taiwan 106",4.6,614,2.0,25.026622,121.5476263,True,08:00:00,13:00:00,08:00:00,13:00:00,08:00:00,13:00:00,08:00:00,13:00:00,,,08:00:00,13:00:00,08:00:00,13:00:00,https://maps.google.com/?cid=558397645909204223,,yes,,鳳雛公園,82.29430780991297,科技大樓,424.4775933819304
128,ChIJK_BQd8-rQjQRrrEHdDAOqXM,Tzubi coffee,"No. 24號, Lane 21, Section 1, Anhe Rd, Jianlun Village, Da’an District, Taipei City, Taiwan 106",4.4,926,2.0,25.0393177,121.5515768,True,10:00:00,18:00:00,10:00:00,18:00:00,10:00:00,18:00:00,10:00:00,18:00:00,10:00:00,18:00:00,10:00:00,18:00:00,10:00:00,18:00:00,https://maps.google.com/?cid=8334208186693693870,yes,,yes,仁愛安和路口,155.44007147137623,忠孝敦化,322.0538614749722
129,ChIJfclRm-mpQjQRprJZOvX71Hk,Alchemist Daan,"No. 43, Lane 61, Section 2, Hangzhou S Rd, Jintai Village, Da’an District, Taipei City, Taiwan 106",4.3,116,,25.0300066,121.524825,True,09:00:00,18:00:00,09:00:00,18:00:00,09:00:00,18:00:00,09:00:00,18:00:00,09:00:00,18:00:00,09:00:00,18:00:00,09:00:00,18:00:00,https://maps.google.com/?cid=8778918604316455590,,,,公企中心,180.06360307745172,古亭,440.90344507270277
132,ChIJu6zFktGrQjQRsEF_hRn3JWc,Kafemera 卡菲米朗精品咖啡館,"No. 11號, Lane 175, Section 1, Da'an Rd, De'an Village, Da’an District, Taipei City, Taiwan 106",4.6,334,2.0,25.036612,121.5469985,True,,,08:30:00,17:00:00,08:00:00,16:30:00,08:00:00,16:30:00,08:00:00,16:30:00,08:00:00,16:30:00,08:30:00,17:00:00,https://maps.google.com/?cid=7432618449030824368,,,,仁愛敦化路口(圓環),145.29368630966192,大安,503.01431811203514
133,ChIJsTD170irQjQR3GMN6s2BMJY,兜麥咖啡大安店,"106, Taiwan, Taipei City, Da’an District, Wolong Village, Section 2, Fuxing S Rd, 341號一樓",4.6,169,,25.0234586,121.5436651,True,09:30:00,21:30:00,09:30:00,21:30:00,09:30:00,21:30:00,09:30:00,21:30:00,09:30:00,21:30:00,09:30:00,21:30:00,09:30:00,21:30:00,https://maps.google.com/?cid=10822292625966326748,yes,,yes,大安健康服務中心,67.09971015837661,科技大樓,293.4632797024295
134,ChIJ6wg1wOurQjQRnmNkFavIXC4,昇咖啡大安店｜會議包廂・空間租借（包廂預約制）,"106, Taiwan, Taipei City, Da’an District, He'an Village, Section 1, Fuxing S Rd, 352號3樓",5.0,60,,25.035712,121.5434,True,10:00:00,17:00:00,10:00:00,21:00:00,10:00:00,21:00:00,10:00:00,21:00:00,10:00:00,21:00:00,10:00:00,21:00:00,10:00:00,17:00:00,https://maps.google.com/?cid=3340765660725928862,,,,東豐復興路口,20.421804019179508,大安,264.3894841012464
135,ChIJFeYnkuupQjQRuTktfPKcLbw,19Eats Cafe,"No. 18號, Section 2, Heping E Rd, Longmen Village, Da’an District, Taipei City, Taiwan 106",4.5,232,1.0,25.0257021,121.5359843,True,07:00:00,19:00:00,07:00:00,19:00:00,07:00:00,19:00:00,07:00:00,19:00:00,07:00:00,19:00:00,07:00:00,19:00:00,07:00:00,19:00:00,https://maps.google.com/?cid=13559666618361788857,,yes,,大安森林公園,25.437454193065683,科技大樓,755.7680864124168
138,ChIJN1y6RacCaDQRElenCbyeN2w,Melbourne Press Cafe,"No. 11號, Lane 56, Section 3, Xinsheng S Rd, Daxue Village, Da’an District, Taipei City, Taiwan 106",4.5,616,2.0,25.0204776,121.5335175,True,09:00:00,19:00:00,09:00:00,19:00:00,09:00:00,19:00:00,09:00:00,19:00:00,09:00:00,19:00:00,09:00:00,19:00:00,09:00:00,19:00:00,https://maps.google.com/?cid=7797875810268305170,yes,,,臺大綜合體育館,129.95396311251886,台電大樓,517.5511927779149
139,ChIJOcYtuCuqQjQRUiIKdCwPu4Y,Angle Cafe',"No. 206號, Rui'an St, Longtu Village, Da’an District, Taipei City, Taiwan 106",4.5,844,2.0,25.0281566,121.5406744,True,09:00:00,21:00:00,10:00:00,21:00:00,10:00:00,21:00:00,10:00:00,21:00:00,10:00:00,21:00:00,10:00:00,21:00:00,09:00:00,21:00:00,https://maps.google.com/?cid=9708370105327034962,,,,國北教大實小,305.0756538884045,科技大樓,361.74498823082354
142,ChIJb_SbINSrQjQR5IYvheBv2PE,有kaffe冇/台北手沖咖啡 台北咖啡豆 大安區咖啡廳 大安區咖啡豆 忠孝復興咖啡廳 忠孝復興咖啡豆,"No. 24號, Alley 36, Lane 147, Section 3, Xinyi Rd, He'an Village, Da’an District, Taipei City, Taiwan 106",4.7,401,2.0,25.0371253,121.541041,True,10:00:00,18:00:00,10:00:00,18:00:00,10:00:00,18:00:00,10:00:00,18:00:00,10:00:00,18:00:00,10:00:00,18:00:00,10:00:00,18:00:00,https://maps.google.com/?cid=17426801768207976164,yes,yes,,仁愛建國路口二,88.15770089144392,大安,491.07926541878584
144,ChIJY-JuuXOrQjQRZA5wqDOYtFY,Oasis Coffee Roasters - Anhe (Last Order 16:30),"No. 7-3號, Lane 199, Section 4, Xinyi Rd, Dun'an Village, Da’an District, Taipei City, Taiwan 106",4.5,754,2.0,25.0340477,121.5517744,True,09:00:00,17:30:00,09:00:00,17:30:00,09:00:00,17:30:00,09:00:00,17:30:00,09:00:00,17:30:00,09:00:00,17:30:00,09:00:00,17:30:00,https://maps.google.com/?cid=6247785930706390628,,,yes,捷運信義安和站(安和),76.27004736319732,信義安和,140.3038426385636
147,ChIJDXMcF5CrQjQRam-vMjrTO2E,The Quiet Light,"No. 111號, Rui'an St, Longzhen Village, Da’an District, Taipei City, Taiwan 106",4.7,427,,25.0273704,121.54016,True,09:00:00,17:00:00,07:30:00,17:00:00,07:30:00,17:00:00,07:30:00,17:00:00,07:30:00,17:00:00,07:30:00,17:00:00,09:00:00,17:00:00,https://maps.google.com/?cid=7006425892216860522,,yes,,國北教大實小,223.64062800422965,科技大樓,361.48403210391285
148,ChIJmZq_gyiqQjQRHwDNBtpS3vM,L'angolo illy coffee,"No. 25號, Lane 171, Section 2, Xinhai Rd, Longyuan Village, Da’an District, Taipei City, Taiwan 106",4.8,218,2.0,25.0226827,121.541222,True,10:00:00,19:00:00,09:00:00,19:00:00,09:00:00,19:00:00,09:00:00,19:00:00,09:00:00,19:00:00,09:00:00,19:00:00,10:00:00,19:00:00,https://maps.google.com/?cid=17572573892416700447,,,yes,臺大計資中心,144.38642813466006,科技大樓,440.90995772181645
149,ChIJyekOec-rQjQRE3MGd5lZJGs,C25 Du Cafe,"No. 23號, Lane 21, Section 1, Anhe Rd, Jianlun Village, Da’an District, Taipei City, Taiwan 106",4.4,1730,2.0,25.0396179,121.5515804,True,09:00:00,20:00:00,09:00:00,20:00:00,09:00:00,20:00:00,09:00:00,20:00:00,09:00:00,20:00:00,09:00:00,20:00:00,09:00:00,20:00:00,https://maps.google.com/?cid=7720394176881652499,,,,敦化安和路口,185.45081191779994,忠孝敦化,298.0557237764571
151,ChIJCexvj9GrQjQRxDTrJTlaqfs,KoKu café,"No. 6, Lane 175, Section 1, Da'an Rd, De'an Village, Da’an District, Taipei City, Taiwan 106",4.4,2643,2.0,25.0363927,121.5462741,True,10:00:00,22:00:00,10:00:00,22:00:00,,,10:00:00,22:00:00,10:00:00,22:00:00,10:00:00,22:00:00,10:00:00,22:00:00,https://maps.google.com/?cid=18134124576079819972,,,,仁愛大安路口(仁愛醫院),163.73274669121912,大安,436.4316223704741
152,ChIJ_Z3bmdSrQjQRRsn7SstVfrc,彼得好咖啡（信義大安店）,"106, Taiwan, Taipei City, Da’an District, Longtu Village, 信義路三段170號",4.0,617,1.0,25.033173,121.542029,True,07:00:00,17:45:00,07:00:00,18:45:00,07:00:00,18:45:00,07:00:00,18:45:00,07:00:00,18:45:00,07:00:00,18:45:00,07:00:00,17:45:00,https://maps.google.com/?cid=13222099887631092038,,,,師大附中,33.34326809686912,大安,154.9396465675269
154,ChIJY1SKLwurQjQRWra9uw3tK8s,Moonshine Coffee Roasters | 私釀咖啡商行 (敦南旗艦店),"106, Taiwan, Taipei City, Da’an District, Quan'an Village, Lane 265, Section 2, Dunhua S Rd, 7號1樓",4.6,567,,25.0254776,121.5495516,True,08:30:00,18:00:00,08:30:00,18:00:00,08:30:00,18:00:00,,,08:30:00,18:00:00,08:30:00,18:00:00,08:30:00,18:00:00,https://maps.google.com/?cid=14640055656938059354,,,,全安里,71.19456127894254,六張犁,404.44867132200227
155,ChIJqc0HUNCrQjQRaVFxGqEdNo8,FOMO COFFEE,"No. 125號, Section 1, Da'an Rd, Ren'ai Village, Da’an District, Taipei City, Taiwan 106",4.1,721,,25.0390327,121.5462783,True,09:00:00,17:30:00,07:30:00,17:00:00,07:30:00,17:00:00,07:30:00,17:00:00,07:30:00,17:00:00,07:30:00,17:00:00,09:00:00,17:30:00,https://maps.google.com/?cid=10319468173936644457,,,,仁愛大安路口(仁愛醫院),140.94911427019855,忠孝復興,375.81990398208734
156,ChIJASafGMarQjQRtDMLDBSxPL4,Toast Chat,"No. 11號, Lane 248, Section 3, Zhongxiao E Rd, Yicun Village, Da’an District, Taipei City, Taiwan 106",4.7,4204,2.0,25.0409345,121.5414366,True,17:30:00,21:30:00,11:00:00,21:30:00,11:00:00,21:30:00,11:00:00,21:30:00,11:00:00,21:30:00,11:00:00,21:30:00,17:30:00,21:30:00,https://maps.google.com/?cid=13708026065468470196,,,,懷生國中,71.77441707772034,忠孝復興,244.93008949857614
157,ChIJc7c80NKrQjQRDt8TfgNurzk,咖啡方桌Café Fundoor,"No. 55號, Section 2, Da'an Rd, Zhu'an Village, Da’an District, Taipei City, Taiwan 106",4.6,227,2.0,25.0311854,121.5461745,True,09:00:00,18:00:00,08:30:00,18:00:00,08:30:00,18:00:00,08:30:00,18:00:00,08:30:00,18:00:00,08:30:00,18:00:00,09:00:00,18:00:00,https://maps.google.com/?cid=4156661942365445902,,,,信義大安路口,239.54177534509267,大安,355.41246484250036
163,ChIJOYPRMS6qQjQRTi9a5xoTSd4,BOOM coffee roasters,"No. 16號, Lane 200, Section 2, Dunhua S Rd, Huxiao Village, Da’an District, Taipei City, Taiwan 106",4.4,632,2.0,25.0227879,121.5475389,True,10:00:00,17:00:00,08:30:00,18:30:00,08:30:00,18:30:00,08:30:00,18:30:00,08:30:00,18:30:00,08:30:00,18:30:00,,,https://maps.google.com/?cid=16017354555991404366,,,,敦化和平路口,132.34671037544913,科技大樓,551.5651972550065
164,ChIJKWu29gSrQjQRJU1H068F4r4,Bros Coffee,"No. 321號, Section 1, Fuxing S Rd, Renci Village, Da’an District, Taipei City, Taiwan 106",4.6,260,,25.0340651,121.5438462,True,,,07:30:00,15:00:00,07:30:00,15:00:00,07:30:00,15:00:00,07:30:00,15:00:00,07:30:00,15:00:00,,,https://maps.google.com/?cid=13754562464664997157,,,,捷運大安站 (復興),62.637607321801404,大安,86.6467645413209
165,ChIJbxtsLE2rQjQRuaCrNE44wXs,八分目珈琲,"No. 27號, Lane 171, Section 2, Xinhai Rd, Longyuan Village, Da’an District, Taipei City, Taiwan 106",4.9,343,,25.0228425,121.5411731,True,,,07:30:00,16:00:00,07:30:00,16:00:00,07:30:00,16:00:00,07:30:00,16:00:00,07:30:00,16:00:00,08:00:00,16:00:00,https://maps.google.com/?cid=8917470645712560313,,,,臺大計資中心,156.32463496020102,科技大樓,428.44148072307956
166,ChIJpxMOPUWrQjQRzMF-hkL_5oQ,Clémentine Café 橙心咖啡｜原葉茶｜輕食,"106, Taiwan, Taipei City, Da’an District, Qunxian Village, Section 2, Fuxing S Rd, 191號2樓",4.6,94,,25.0266469,121.5436152,True,11:00:00,19:00:00,11:00:00,19:00:00,11:00:00,19:00:00,12:30:00,19:00:00,11:00:00,19:00:00,11:00:00,07:00:00,11:00:00,19:00:00,https://maps.google.com/?cid=9576622318839316940,yes,,yes,捷運科技大樓站,28.312429004968827,科技大樓,62.45566148325959
167,ChIJwbQDNNKrQjQRimvrRycFL8M,Martin Cafe,"106, Taiwan, Taipei City, Da’an District, De'an Village, Section 1, Da'an Rd, 193-1號1樓",4.4,254,,25.0357139,121.5461757,True,10:00:00,17:30:00,10:00:00,20:30:00,10:00:00,20:30:00,10:00:00,20:30:00,10:00:00,20:30:00,10:00:00,20:30:00,10:00:00,20:30:00,https://maps.google.com/?cid=14064465827569822602,,,,仁愛大安路口(仁愛醫院),235.59057244286842,大安,373.82304230119126
168,ChIJ1XigphWpQjQRhTEdFEzMfWE,Come True Coffee,"No. 6號, Lane 37, Yongkang St, Fuzhu Village, Da’an District, Taipei City, Taiwan 106",4.6,2908,2.0,25.030705,121.52978,True,10:30:00,21:00:00,10:30:00,21:00:00,10:30:00,21:00:00,10:30:00,21:00:00,10:30:00,21:00:00,10:30:00,21:00:00,10:30:00,21:00:00,https://maps.google.com/?cid=7024995620894880133,,yes,,金華大廈,128.67573184242445,東門,351.51552174775367
169,ChIJr2d5d9KrQjQRv5JUareShvw,AW Cafe Wine Bistro,"106, Taiwan, Taipei City, Da’an District, De'an Village, 信義路四段115-2號",4.6,1337,,25.0335079,121.5482195,True,11:00:00,23:00:00,11:00:00,18:00:00,11:00:00,18:00:00,11:00:00,23:00:00,11:00:00,23:00:00,11:00:00,23:00:00,11:00:00,23:00:00,https://maps.google.com/?cid=18196392660897665727,,,,信義敦化路口,29.66239916721617,信義安和,457.41260685962834
170,ChIJ96O7DYmpQjQRwXiR9EspgkQ,Guang Yi,"No. 2號, Lane 76, Section 3, Xinsheng S Rd, Daxue Village, Da’an District, Taipei City, Taiwan 106",4.3,3039,2.0,25.0192483,121.5335505,True,09:00:00,19:00:00,09:00:00,18:00:00,09:00:00,18:00:00,09:00:00,18:00:00,09:00:00,18:00:00,09:00:00,19:00:00,09:00:00,19:00:00,https://maps.google.com/?cid=4936553547753945281,,yes,,臺大,85.5226671757224,公館,485.21045030816356
174,ChIJH299NBqpQjQRnu0yuG0txAQ,Foliage cafe,"No. 130號, Leye St, Fanghe Village, Da’an District, Taipei City, Taiwan 106",4.7,331,,25.0204521,121.5524206,True,08:30:00,19:00:00,08:30:00,19:00:00,08:30:00,19:00:00,08:30:00,19:00:00,08:30:00,19:00:00,08:30:00,19:00:00,08:30:00,19:00:00,https://maps.google.com/?cid=343449420852030878,,,,黎明社教中心,72.17074726715214,六張犁,379.5286132811837
175,ChIJX3Wt-DKqQjQRl1h8HPCSPx4,Haowu Spirit Cafe,"17號, Lane 189, Section 2, Anhe Rd, Quan'an Village, Da’an District, Taipei City, Taiwan 106",4.2,846,2.0,25.0269277,121.5509084,True,10:00:00,20:00:00,10:30:00,21:00:00,10:30:00,21:00:00,10:30:00,21:00:00,10:30:00,21:00:00,10:30:00,21:00:00,10:00:00,20:00:00,https://maps.google.com/?cid=2179622304638326935,yes,,,全安里,115.87000203852226,六張犁,410.5027043205949
176,ChIJDZR5S9CrQjQRo2E7h0QiaFY,Cross Cafe克勞斯咖啡店,"No. 23號, Lane 91, Section 4, Ren'ai Rd, Ren'ai Village, Da’an District, Taipei City, Taiwan 106",4.3,1212,2.0,25.0386679,121.5467191,True,11:00:00,21:00:00,11:00:00,18:00:00,11:00:00,18:00:00,11:00:00,18:00:00,11:00:00,18:00:00,11:00:00,18:00:00,11:00:00,21:00:00,https://maps.google.com/?cid=6226264162561647011,,,,仁愛敦化路口(圓環),98.90672740576065,忠孝敦化,420.23113063023845
177,ChIJTRQGjnWpQjQRAyMJSWQ1GsQ,Wangi,"No. 1號, Alley 5, Lane 74, Wenzhou St, Da’an District, Taipei City, Taiwan 106",4.4,176,,25.0195447,121.531992,True,10:00:00,18:00:00,10:00:00,18:00:00,10:00:00,18:00:00,10:00:00,18:00:00,10:00:00,18:00:00,10:00:00,18:00:00,10:00:00,18:00:00,https://maps.google.com/?cid=14130665485666689795,,,,台電大樓,186.3433941329732,台電大樓,379.6533449980769
178,ChIJ_UD59PKrQjQRqKh3lQjQEQM,果嶼茶時,"No. 5號, Ln. 144, Section 2, Keelung Rd, Linjiang Village, Da’an District, Taipei City, Taiwan 106",4.8,143,,25.0283434,121.5561861,True,11:00:00,19:00:00,11:00:00,19:00:00,11:00:00,19:00:00,11:00:00,19:00:00,11:00:00,19:00:00,11:00:00,19:00:00,11:00:00,19:00:00,https://maps.google.com/?cid=221186592003827880,yes,,yes,三興國小(臨江街觀光夜市),41.71359334537101,六張犁,589.0306453603898
179,ChIJQ6qFRCSrQjQRf5i_pjyKv0M,MA CAFE,"No. 1號, Lane 11, Section 2, Dunhua S Rd, Yi'an Village, Da’an District, Taipei City, Taiwan 106",4.4,174,,25.032675,121.5495427,True,10:00:00,19:00:00,10:00:00,19:00:00,10:00:00,19:00:00,10:00:00,19:00:00,10:00:00,19:00:00,10:00:00,19:00:00,10:00:00,19:00:00,https://maps.google.com/?cid=4881772514193152127,,,yes,信義敦化路口,50.60091937245685,信義安和,325.87980894860794
180,ChIJzz7tbzOpQjQR1XxFBLawYTg,好人好室 x 七二聚場,"10491, Taiwan, Taipei City, Zhongshan District, Min'an Village, Lane 72, Section 2, Zhongshan N Rd, 18-1號3樓",4.6,846,2.0,25.0570013,121.5215732,True,11:00:00,19:00:00,11:00:00,19:00:00,11:00:00,19:00:00,,,11:00:00,19:00:00,11:00:00,19:00:00,11:00:00,19:00:00,https://maps.google.com/?cid=4062722634667097301,yes,,yes,捷運雙連站,274.6585092409353,中山,499.1660271083322
181,ChIJYTRs14SpQjQRJDdLAaR3eeU,FUJIN TREE CAFE,"No. 5-1號, Lane 27, Section 2, Zhongshan N Rd, Kangle Village, Zhongshan District, Taipei City, Taiwan 10491",4.4,515,,25.0532608,121.5237938,True,11:00:00,19:00:00,11:00:00,19:00:00,11:00:00,19:00:00,11:00:00,19:00:00,11:00:00,19:00:00,11:00:00,19:00:00,11:00:00,19:00:00,https://maps.google.com/?cid=16535379053147535140,,,,捷運中山站(志仁高中),409.97749153861474,中山,350.4614769555907
183,ChIJsX6RCmepQjQRyGZzrKzj69Q,MIDDLE NAME coffee & space,"No. 10號, Lane 18, Nanjing W Rd, Jiantai Village, Datong District, Taipei City, Taiwan 103",4.2,810,2.0,25.0516392,121.52012,True,09:00:00,18:00:00,09:00:00,18:00:00,09:00:00,18:00:00,09:00:00,18:00:00,09:00:00,18:00:00,09:00:00,18:00:00,09:00:00,18:00:00,https://maps.google.com/?cid=15342606886334850760,,,,捷運中山站(志仁高中),119.49862092335943,中山,112.64686684347373
184,ChIJseK0CGmpQjQRkHFdKxmVk8A,Libo Cafe,"104, Taiwan, Taipei City, Zhongshan District, Min'an Village, Lane 42, Section 2, Zhongshan N Rd, 12號1樓",4.2,963,1.0,25.0545883,121.521936,True,09:45:00,18:00:00,07:30:00,18:30:00,07:30:00,18:30:00,07:30:00,18:30:00,07:30:00,18:30:00,07:30:00,18:30:00,09:00:00,18:00:00,https://maps.google.com/?cid=13876598812192895376,,,,捷運中山站(志仁高中),290.4332266768431,中山,267.5103321011402
185,ChIJN7UIdHSpQjQR5B61Z59x-Q0,Instil Coffee - Zhongshan（中山店）,"No. 25號, Lane 77, Section 1, Chengde Rd, Jiantai Village, Datong District, Taipei City, Taiwan 103",4.5,335,,25.0521457,121.5183005,True,10:00:00,18:00:00,09:00:00,18:00:00,09:00:00,18:00:00,09:00:00,18:00:00,09:00:00,18:00:00,09:00:00,18:00:00,10:00:00,18:00:00,https://maps.google.com/?cid=1006960921147678436,,yes,,捷運中山站(志仁高中),94.36320500228724,中山,217.58104865738287
187,ChIJ9-PzRWmpQjQRVZIPkO2uz1Q,Melange Café,"No. 23號, Lane 16, Section 2, Zhongshan N Rd, Min'an Village, Zhongshan District, Taipei City, Taiwan 10491",4.2,5405,2.0,25.0532033,121.5208739,True,09:30:00,18:00:00,07:30:00,18:00:00,07:30:00,18:00:00,07:30:00,18:00:00,07:30:00,18:00:00,07:30:00,18:00:00,09:30:00,18:00:00,https://maps.google.com/?cid=6111295554712474197,,,,捷運中山站(志仁高中),119.18297413540299,中山,80.40958980887946
188,ChIJX3LyRWmpQjQRLkweye8-DFs,Jumane Cafe',"No. 23-1號, Lane 16, Section 2, Zhongshan N Rd, 中山區 Zhongshan District, Taipei City, Taiwan 104",4.1,2210,2.0,25.0532053,121.5207436,True,09:00:00,18:00:00,09:30:00,17:00:00,09:30:00,17:00:00,09:30:00,17:00:00,09:30:00,17:00:00,09:30:00,17:00:00,09:00:00,18:00:00,https://maps.google.com/?cid=6560687956764281902,,,,捷運中山站(志仁高中),106.7513429622613,中山,73.39399022112397
189,ChIJ1f0t2R6pQjQRTZfLwtoRksI,R2 平方咖啡,"No. 6號, Lane 26, Chang'an W Rd, 中山區 Zhongshan District, Taipei City, Taiwan 10491",4.8,162,,25.0494639,121.5205056,True,11:00:00,18:30:00,10:00:00,17:30:00,10:00:00,17:30:00,10:00:00,17:30:00,10:00:00,17:30:00,10:00:00,17:30:00,11:00:00,18:30:00,https://maps.google.com/?cid=14020288221226440525,,,,臺北,171.88329365834267,中山,350.42257050812003
190,ChIJgWY7UWSpQjQRTM30eoUOcnM,NO COFFEE 台北中山店,"10491, Taiwan, Taipei City, Zhongshan District, Min'an Village, Nanjing W Rd, 15號一樓",4.3,695,,25.0527485,121.5206836,True,11:00:00,21:30:00,11:00:00,21:30:00,11:00:00,21:30:00,11:00:00,21:30:00,11:00:00,21:30:00,11:00:00,22:00:00,11:00:00,22:00:00,https://maps.google.com/?cid=8318727428163030348,,,,捷運中山站(志仁高中),91.31912055228892,中山,32.47629887836123
191,ChIJ1XK6vXepQjQRaTD9Cg2qL6A,BOBBY & FRIENDS. CAFE 巴比咖啡,"No. 53號, Nanjing W Rd, Guangneng Village, Datong District, Taipei City, Taiwan 103",4.5,559,2.0,25.0532734,121.5193674,True,09:30:00,17:30:00,09:30:00,17:30:00,09:30:00,17:30:00,09:30:00,17:30:00,09:30:00,17:30:00,09:30:00,17:30:00,09:30:00,17:30:00,https://maps.google.com/?cid=11542631342969532521,,,,捷運中山站(志仁高中),57.12431030821695,中山,125.80210425303589
193,ChIJzw_ny9mpQjQRu2eXiEzZu8E,bog tea house buubu,"103, Taiwan, Taipei City, Datong District, Guangneng Village, Lane 49, Chifeng St, 2號2樓",4.4,1405,2.0,25.0555612,121.5196941,True,10:50:00,18:20:00,10:50:00,18:20:00,10:50:00,18:20:00,10:50:00,18:20:00,10:50:00,18:20:00,10:50:00,18:20:00,10:50:00,18:20:00,https://maps.google.com/?cid=13959990392697350075,,yes,,建成公園,198.5136509923124,中山,332.71235247686195
195,ChIJg5RVrCWtQjQRZw0XkgpHXeQ,Always Day One Cafe,"No. 15號, Lane 20, Dazhi St, Zhongshan District, Taipei City, Taiwan 104",4.8,260,,25.081314,121.5453401,True,08:00:00,17:00:00,08:00:00,17:00:00,08:00:00,17:00:00,08:00:00,17:00:00,08:00:00,17:00:00,08:00:00,17:00:00,08:00:00,18:00:00,https://maps.google.com/?cid=16455386724207889767,,,yes,飛航服務總台,1202.5430793633982,劍潭,2080.224752067072
196,ChIJNwiXwkSpQjQRZ1ETR-QTUCc,月霞 Waha Cafe,"103, Taiwan, Taipei City, Datong District, Guangneng Village, Lane 47, Chifeng St, 3號1樓",4.4,818,2.0,25.0553361,121.5197593,True,11:00:00,19:00:00,11:00:00,19:00:00,11:00:00,19:00:00,11:00:00,19:00:00,11:00:00,19:00:00,11:00:00,19:00:00,11:00:00,19:00:00,https://maps.google.com/?cid=2832786036781961575,,,,建成公園,188.44206673152232,中山,306.95201928519924
200,ChIJX3OLckSpQjQRCqU1jaDq42w,森高砂咖啡館｜中山店,"No. 133號, Section 1, Zhongshan N Rd, Zhengde Village, Zhongshan District, Taipei City, Taiwan 104",4.3,687,2.0,25.0516458,121.5226676,True,11:00:00,20:00:00,11:00:00,20:00:00,11:00:00,20:00:00,11:00:00,20:00:00,11:00:00,20:00:00,11:00:00,21:00:00,11:00:00,21:00:00,https://maps.google.com/?cid=7846372951094306058,,,,捷運中山站(志仁高中),312.5921643106065,中山,254.0384167719979
201,ChIJjybOnpmpQjQRHVLG0Qemneo,Youmou to Ohana Coffee SPOT Taipei Film House,"104, Taiwan, Taipei City, Zhongshan District, 中山區 Section 2, Zhongshan N Rd, 18號1樓",4.1,1001,2.0,25.0532985,121.5221338,True,11:00:00,22:00:00,11:00:00,22:00:00,11:00:00,22:00:00,11:00:00,22:00:00,11:00:00,22:00:00,11:00:00,22:00:00,11:00:00,22:00:00,https://maps.google.com/?cid=16905851128733127197,,yes,yes,捷運中山站(志仁高中),245.34261936804214,中山,190.96809159063568
202,ChIJvWmFPV-pQjQRu_TYuwH_cBo,CAFE RACO,"10491, Taiwan, Taipei City, Zhongshan District, Songjiang Village, Lane 147, Section 2, Minsheng E Rd, 1號號1樓",4.4,907,2.0,25.0584222,121.534909,True,09:00:00,21:00:00,09:00:00,21:00:00,09:00:00,21:00:00,09:00:00,21:00:00,09:00:00,21:00:00,09:00:00,21:00:00,09:00:00,21:00:00,https://maps.google.com/?cid=1905303025289327803,yes,,yes,民生東路口,945.511356968302,中山,1599.4436657677068
203,ChIJ44iRpoapQjQRNBR1tdCuLac,覓‘s咖啡小酒館 Miss Coffee Bar,"No. 1號, Lane 49, Shuangcheng St, Yuanshan Village, Zhongshan District, Taipei City, Taiwan 10491",4.8,578,,25.0681127,121.5245751,True,10:00:00,22:00:00,10:30:00,22:00:00,10:30:00,22:00:00,10:30:00,22:00:00,10:30:00,22:00:00,10:30:00,00:00:00,10:00:00,00:00:00,https://maps.google.com/?cid=12046476789706724404,,,,捷運圓山站,480.1590077039076,圓山,578.447020100114
204,ChIJzce3pkSpQjQRtzalaUwLsgA,O'tree Cafe 歐樹咖啡（中山區）,"No. 56號, Section 1, Minquan E Rd, Juye Village, Zhongshan District, Taipei City, Taiwan 10491",4.3,507,2.0,25.0625144,121.5245474,True,11:00:00,23:00:00,11:00:00,23:00:00,11:00:00,23:00:00,11:00:00,02:00:00,11:00:00,02:00:00,11:00:00,02:00:00,11:00:00,02:00:00,https://maps.google.com/?cid=50114968672351927,,,yes,捷運民權西路站,556.7361875157145,圓山,1082.0107437860445
207,ChIJ-wUCBWypQjQRIaIsMTPpavY,Poffertjes Café,"No. 19號, Alley 9, Lane 64, Nanjing W Rd, Jiantai Village, Datong District, Taipei City, Taiwan 103",4.2,2594,2.0,25.0523783,121.5193328,True,10:30:00,21:30:00,10:30:00,21:30:00,10:30:00,21:30:00,10:30:00,21:30:00,10:30:00,21:30:00,10:30:00,21:30:00,10:30:00,21:30:00,https://maps.google.com/?cid=17756260886939214369,,,,捷運中山站(志仁高中),55.9051380529103,中山,110.2770496706111
212,ChIJEfselmGpQjQR7yaK-dqDBJ4,Fika Fika Cafe,"No. 33號, Yitong St, Zhuyuan Village, Zhongshan District, Taipei City, Taiwan 104",4.4,4627,2.0,25.0504557,121.5352787,True,08:00:00,21:00:00,10:30:00,21:00:00,08:00:00,21:00:00,08:00:00,21:00:00,08:00:00,21:00:00,08:00:00,21:00:00,08:00:00,21:00:00,https://maps.google.com/?cid=11386370734412146415,,,,懷生國宅,639.703563085058,忠孝新生,937.468107088243
213,ChIJJ9B5dH6tQjQR3OOyP64Uals,CHALET V,"104, Taiwan, Taipei City, Zhongshan District, Chenggong Village, ZhiFu Rd, 8號入口於典華停車場後方木門處",4.6,1037,,25.0837339,121.5550552,True,,,09:00:00,18:00:00,09:00:00,18:00:00,09:00:00,18:00:00,09:00:00,18:00:00,09:00:00,18:00:00,,,https://maps.google.com/?cid=6587100143608325084,,,,美麗華,322.1309498983591,西湖,1248.599894035709
214,ChIJ2QX-6OKtQjQRLUsn_NneLLQ,JIN Cafe(錦咖啡),"No. 150號, Lequn 2nd Rd, Jintai Village, Zhongshan District, Taipei City, Taiwan 10491",4.9,192,,25.0796286,121.557153,True,07:50:00,14:00:00,07:50:00,16:00:00,,,,,07:50:00,16:00:00,07:50:00,16:00:00,07:50:00,16:00:00,https://maps.google.com/?cid=12982996853622000429,yes,,yes,美麗華,577.6545629459531,西湖,1063.82770875977
217,ChIJyyYDwjepQjQRIeK-JLy_nqo,Let’s Café PLUS Zhongshan Shop,"10491, Taiwan, Taipei City, Zhongshan District, 中山區 Section 2, Zhongshan N Rd, 71號1樓",4.4,590,,25.0571975,121.5230688,True,07:30:00,17:50:00,07:30:00,17:50:00,07:30:00,17:50:00,07:30:00,17:50:00,07:30:00,17:50:00,07:30:00,17:50:00,07:30:00,17:50:00,https://maps.google.com/?cid=12294474847559279137,,,yes,捷運雙連站,420.82533186655695,中山,574.000158970457
220,ChIJvYIuDfWpQjQRBtOq0J20Xjs,這裡 ICI ORIGIN,"2樓, No. 5號, Lane 23, Nanjing W Rd, Min'an Village, Zhongshan District, Taipei City, Taiwan 104",3.9,642,,25.053496,121.520678,True,11:00:00,21:00:00,11:00:00,21:00:00,11:00:00,21:00:00,11:00:00,21:00:00,11:00:00,21:00:00,11:00:00,21:00:00,11:00:00,21:00:00,https://maps.google.com/?cid=4278055285952271110,,yes,,捷運中山站(志仁高中),115.76044458588494,中山,100.66118821771339
221,ChIJd9ddmmypQjQRrXQjdZ4rpak,Triangle Garden Cafe,"103, Taiwan, Taipei City, Datong District, Jiantai Village, Taiyuan Rd, 131號2樓",4.4,2005,2.0,25.0530645,121.5161049,True,10:00:00,20:00:00,10:00:00,18:00:00,10:00:00,18:00:00,10:00:00,18:00:00,10:00:00,18:00:00,10:00:00,18:00:00,10:00:00,20:00:00,https://maps.google.com/?cid=12224224723137164461,,,yes,圓環 (南京),64.78103241445739,中山,435.2611593470602
225,ChIJLfX2m3WpQjQRILURpt3M0_4,Komeda‘s Coffee - Zhongshan Store,"No. 24號, Section 2, Zhongshan N Rd, Min'an Village, Zhongshan District, Taipei City, Taiwan 10491",4.1,974,2.0,25.0538488,121.5224136,True,07:30:00,21:00:00,07:30:00,21:00:00,07:30:00,21:00:00,07:30:00,21:00:00,07:30:00,21:00:00,07:30:00,21:00:00,07:30:00,21:00:00,https://maps.google.com/?cid=18362245358065661216,,,,捷運中山站(志仁高中),289.5770777853623,中山,244.9439205545364
226,ChIJ6b4-SGipQjQRKdoiRz9_Bwo,Coffee Roaster,"No. 7號, Changchun Rd, Zhongshan Village, Zhongshan District, Taipei City, Taiwan 10446",4.3,933,2.0,25.0550768,121.5235709,True,09:30:00,18:00:00,07:00:00,18:00:00,07:00:00,18:00:00,07:00:00,18:00:00,07:00:00,18:00:00,07:00:00,18:00:00,09:30:00,18:00:00,https://maps.google.com/?cid=722686174969387561,yes,yes,,捷運中山站(志仁高中),455.8903021365696,中山,420.309519017981
227,ChIJv-oM0QSrQjQRAmShf6gVdHE,RUFOUS COFFEE ROASTERS 2,"No. 12號, Lane 60, Section 3, Minquan E Rd, Zhongshan District, Taipei City, Taiwan 104",4.7,765,2.0,25.0614924,121.5422936,True,11:00:00,17:30:00,11:00:00,17:30:00,11:00:00,17:30:00,11:00:00,17:30:00,,,11:00:00,17:30:00,11:00:00,17:30:00,https://maps.google.com/?cid=8175183037024265218,,,,捷運中山國中站,212.38383453257094,松山機場,956.8155336700687
228,ChIJVx6NiE6pQjQRMqxqeXR3pI4,MUY 莯以咖啡,"No. 20號, Alley 30, Lane 135, Section 2, Minquan E Rd, Xingzheng Village, Zhongshan District, Taipei City, Taiwan 104",4.4,196,,25.064164,121.5341885,True,10:00:00,18:00:00,10:00:00,18:00:00,10:00:00,18:00:00,10:00:00,18:00:00,10:00:00,18:00:00,10:00:00,18:00:00,10:00:00,18:00:00,https://maps.google.com/?cid=10278471591703260210,,,,五常街口,1028.001993294816,圓山,1629.6624740165105
229,ChIJL_2xfWepQjQRsKRr2L4AQvA,Jetlag,"No. 13號, Zhongyuan St, Zhongyuan Village, Zhongshan District, Taipei City, Taiwan 10491",4.3,544,2.0,25.055783,121.5289264,True,10:45:00,19:00:00,10:45:00,19:00:00,,,,,10:45:00,19:00:00,10:45:00,19:00:00,10:45:00,19:00:00,https://maps.google.com/?cid=17312400737240327344,,,,捷運中山站(志仁高中),980.4200799186127,中山,929.5418561976558
231,ChIJJcSnH3qrQjQRkILCobXDncE,memo café,"No. 182號, Hejiang St, Jiangning Village, Zhongshan District, Taipei City, Taiwan 104",4.5,943,2.0,25.0612152,121.5391492,True,09:00:00,17:00:00,09:00:00,17:00:00,,,09:00:00,17:00:00,09:00:00,17:00:00,09:00:00,17:00:00,09:00:00,17:00:00,https://maps.google.com/?cid=13951522405534040720,,yes,,捷運中山國中站,520.8431997316006,松山機場,1274.6183786485733
235,ChIJ_8WLFWipQjQRc0d1b_tGhI4,Aussie Cafe,"No. 33號, Lane 115, Section 2, Zhongshan N Rd, Juye Village, Zhongshan District, Taipei City, Taiwan 104",4.6,1227,2.0,25.0610049,121.5242604,True,10:00:00,19:30:00,10:00:00,19:30:00,10:00:00,19:30:00,10:00:00,19:30:00,10:00:00,19:30:00,10:00:00,19:30:00,10:00:00,19:30:00,https://maps.google.com/?cid=10269411096032266099,,,,捷運民權西路站,571.0526384902465,中山,1006.9638142046836
236,ChIJEypAtQisQjQRZ0zM2T_iyak,BorgesPlace,"No. 441號, Mingshui Rd, Yong'an Village, Zhongshan District, Taipei City, Taiwan 104",4.7,2108,3.0,25.0775452,121.549736,True,09:00:00,21:00:00,09:00:00,21:00:00,09:00:00,21:00:00,09:00:00,21:00:00,09:00:00,21:00:00,09:00:00,21:00:00,09:00:00,21:00:00,https://maps.google.com/?cid=12234558626593524839,yes,,yes,飛航服務總台,633.7151820384001,松山機場,1612.8671898534053
237,ChIJd3Ikw7CtQjQRTLgn10gauMw,曉秋咖啡廳,"No. 28, Lane 46, Dazhi St, Dazhi Village, Zhongshan District, Taipei City, Taiwan 10491",4.9,64,,25.0819969,121.5455373,True,11:00:00,20:30:00,11:00:00,20:00:00,11:00:00,20:30:00,11:00:00,20:30:00,11:00:00,20:30:00,11:00:00,20:30:00,11:00:00,20:30:00,https://maps.google.com/?cid=14751569479601731660,,,,飛航服務總台,1257.6244953683656,劍潭,2089.318606253287
239,ChIJEZMB786pQjQRu9WGqt7GTc0,慢爐 Man Ju,"No. 36-2號, Lane 121, Section 1, Zhongshan N Rd, Zhengde Village, Zhongshan District, Taipei City, Taiwan 104",4.7,198,,25.0507919,121.5246424,True,11:00:00,19:00:00,11:00:00,19:00:00,,,11:00:00,19:00:00,11:00:00,19:00:00,11:00:00,19:00:00,11:00:00,19:00:00,https://maps.google.com/?cid=14793699010627950011,,,,市民林森路口,369.70817126624956,中山,474.62185281286094
240,ChIJ3cHL-PKpQjQR2xz0Iv8Hd3g,海子家,"100, Taiwan, Taipei City, Zhongzheng District, Ningbo W St, 24-1號2樓 （入口在22巷內，招牌下的小巷子進去才是哦！",4.8,319,2.0,25.0310734,121.5183285,True,10:00:00,21:00:00,11:00:00,18:30:00,11:00:00,18:30:00,11:00:00,18:30:00,11:00:00,18:30:00,11:00:00,18:30:00,10:00:00,21:00:00,https://maps.google.com/?cid=8680415599164398811,,,yes,捷運中正紀念堂站(羅斯福),107.8095421914254,中正紀念堂,263.36794616059245
241,ChIJ_wPfw1qpQjQRX8lp_2RfgyA,The Singularity Co Working Space,"No. 32號, Nanyang St, Liming Village, Zhongzheng District, Taipei City, Taiwan 10047",4.9,2914,,25.0442539,121.5160275,True,09:00:00,19:00:00,09:00:00,01:00:00,09:00:00,01:00:00,09:00:00,01:00:00,09:00:00,01:00:00,09:00:00,01:00:00,09:00:00,01:00:00,https://maps.google.com/?cid=2342821118549281119,yes,,yes,臺北車站(公園),80.17674274116902,台北車站,264.3511754564445
242,ChIJ3yqpnYepQjQRhG-bbv6Dqbs,J&J CAFE / 咖啡,"No. 76號, Hengyang Rd, Guangfu Village, Zhongzheng District, Taipei City, Taiwan 100",4.7,993,2.0,25.0422323,121.5111639,True,10:00:00,19:00:00,10:00:00,19:30:00,10:00:00,19:30:00,10:00:00,19:30:00,10:00:00,19:30:00,10:00:00,19:30:00,10:00:00,19:00:00,https://maps.google.com/?cid=13522484484957237124,yes,,yes,衡陽路,31.365478558351185,西門,263.354390724247
243,ChIJGcCqgQCpQjQR82gbxNrBurY,TokiDoki Coffee Roastery,"100, Taiwan, Taipei City, Zhongzheng District, Wenxiang Village, 杭州南路一段115號1樓",4.7,181,,25.0368966,121.524936,True,,,08:30:00,16:00:00,08:30:00,16:00:00,,,08:30:00,16:00:00,08:30:00,16:00:00,08:30:00,16:00:00,https://maps.google.com/?cid=13167049605908228339,,yes,,仁愛杭州路口,17.669669310386183,東門,552.0372162412953
244,ChIJRypWvbOpQjQR-bAc3Kvk0NY,Dimple Café 酒窩咖啡館 台北忠孝,"100, Taiwan, Taipei City, Zhongzheng District, 中正區 Section 1, Zhongxiao E Rd, 166號2樓",4.8,745,,25.043902,121.5261477,True,10:00:00,18:00:00,10:00:00,18:00:00,10:00:00,18:00:00,10:00:00,18:00:00,10:00:00,18:00:00,10:00:00,18:00:00,10:00:00,18:00:00,https://maps.google.com/?cid=15479123346055803129,,yes,yes,華山文創園區,25.765428536674143,善導寺,291.0301052074085
245,ChIJU8Rid2CpQjQRk9T46LA3Ups,16.67 Cafe,"No. 13-4號, Xiangyang Rd, Liming Village, Zhongzheng District, Taipei City, Taiwan 100",4.9,1090,,25.0435271,121.5155066,True,10:00:00,18:00:00,07:30:00,18:00:00,07:30:00,18:00:00,07:30:00,18:00:00,07:30:00,18:00:00,07:30:00,18:00:00,10:00:00,18:00:00,https://maps.google.com/?cid=11192069256931497107,,,,博物館(襄陽),8.7161878543701,台大醫院,219.16013674489045
246,ChIJz1PgwYipQjQRXHdCJVKNNDM,WingsCoffee_Bar,"No. 38號, Sanyuan St, Longxing Village, Zhongzheng District, Taipei City, Taiwan 100",4.7,367,,25.0299389,121.5082937,True,08:00:00,18:00:00,08:00:00,18:00:00,08:00:00,18:00:00,08:00:00,18:00:00,08:00:00,18:00:00,08:00:00,18:00:00,08:00:00,18:00:00,https://maps.google.com/?cid=3689729378675226460,,,,三元街口,77.86312996961064,小南門,707.4540863734607
247,ChIJU294OQCpQjQRUd4RqffdDVQ,理由咖啡 Yiyou Café（이유카페),"No. 16 之2號, Ln 8, Roosevelt Rd, Section 2,, Nanfu Village, Zhongzheng District, Taipei City, Taiwan 100",4.8,94,,25.0282992,121.5206317,True,11:00:00,19:00:00,11:00:00,19:00:00,11:00:00,19:00:00,11:00:00,19:00:00,11:00:00,19:00:00,11:00:00,19:00:00,11:00:00,19:00:00,https://maps.google.com/?cid=6056741129646366289,,,,南昌家具街,108.71855887954277,古亭,314.14780001479943
248,ChIJw5-D6-apQjQRjXh0VqdClgw,COFFEE TO (國家攝影文化中心門市),"100, Taiwan, Taipei City, Zhongzheng District, Liming Village, 忠孝西路一段70號1樓",4.5,513,2.0,25.0466999,121.514495,True,08:00:00,18:00:00,08:00:00,18:00:00,08:00:00,18:00:00,08:00:00,18:00:00,08:00:00,18:00:00,08:00:00,18:00:00,08:00:00,18:00:00,https://maps.google.com/?cid=906985661439178893,,,,臺北車站(忠孝),11.734582094837124,台北車站,222.4843284002095
251,ChIJy2EnjQypQjQR0YFRVGE5z8s,Heritage Bakery & Cafe,"No. 73之2號, Section 1, Hankou St, Guangfu Village, Zhongzheng District, Taipei City, Taiwan 10044",4.3,2603,2.0,25.045299,121.511842,True,09:00:00,19:30:00,09:00:00,19:30:00,09:00:00,19:30:00,09:00:00,19:30:00,09:00:00,19:30:00,09:00:00,19:30:00,09:00:00,19:30:00,https://maps.google.com/?cid=14686020000067715537,yes,,,漢口街,57.17837830983926,西門,434.25111880473395
252,ChIJu-hyxgypQjQRayO4WVzJSnA,NOTCH Cafe Bending,"No. 35號, Section 1, Chongqing S Rd, Liming Village, Zhongzheng District, Taipei City, Taiwan 100",4.3,1698,2.0,25.0453596,121.5133704,True,08:00:00,20:30:00,07:40:00,20:30:00,07:40:00,20:30:00,07:40:00,20:30:00,07:30:00,20:30:00,07:40:00,20:30:00,08:00:00,20:30:00,https://maps.google.com/?cid=8091501079003931499,,,yes,重慶南路一段,33.106044955748835,台北車站,383.26846142007
253,ChIJ7cXpQfqpQjQReWGmELwdv8A,meet蘋果咖啡館,"No. 86號, Bo'ai Rd, 中正區 Zhongzheng District, Taipei City, Taiwan 100",4.9,3202,,25.044491,121.511246,True,12:00:00,22:00:00,08:00:00,22:00:00,08:00:00,22:00:00,08:00:00,22:00:00,08:00:00,22:00:00,08:00:00,22:00:00,12:00:00,22:00:00,https://maps.google.com/?cid=13888852469404295545,yes,,yes,博愛路,121.08690138142643,西門,331.15516210477045
254,ChIJTW9wBGqpQjQREpa8bc9E3fQ,咖啡學人-老傑克 The Cafeist & Old Jack,"No. 4號, Kinmen St, Dingdong Village, Zhongzheng District, Taipei City, Taiwan 100",4.6,377,,25.022968,121.5244679,True,08:00:00,20:30:00,08:00:00,20:30:00,08:00:00,20:30:00,08:00:00,20:30:00,08:00:00,20:30:00,08:00:00,20:30:00,08:00:00,20:30:00,https://maps.google.com/?cid=17644334572797466130,,,,河堤國小,112.0943143349104,古亭,410.8056316753806
256,ChIJdSdIyfepQjQRR91GnujqVSw,MIXTIO Secret Garden Restaurant,"No. 1號, Section 1, Ren'ai Rd, Dongmen Village, Zhongzheng District, Taipei City, Taiwan 100",4.5,121,,25.0402402,121.5201338,True,,,09:00:00,19:30:00,09:00:00,19:30:00,09:00:00,19:30:00,09:00:00,19:30:00,09:00:00,19:30:00,,,https://maps.google.com/?cid=3194717795497991495,,yes,,臺大醫學院,115.8353842641152,台大醫院,428.2569862201912
257,ChIJKd9VP5qpQjQRPK6005T5tXM,U & me find coffee,"100, Taiwan, Taipei City, Zhongzheng District, Nanfu Village, Lane 66, Section 2, Roosevelt Rd, 8號1樓",4.2,824,2.0,25.0274655,121.5213246,True,09:00:00,21:00:00,10:00:00,21:00:00,10:00:00,21:00:00,10:00:00,21:00:00,10:00:00,21:00:00,10:00:00,21:00:00,09:00:00,21:00:00,https://maps.google.com/?cid=8337844702748651068,,,,南昌家具街,63.80997842919517,古亭,201.70939643829
258,ChIJoygCaQypQjQRbvuAwxU7a-I,鬧咖啡 NOW coffee（無預約服務）,"No. 58號, Yanping S Rd, Guangfu Village, Zhongzheng District, Taipei City, Taiwan 100",4.2,1452,2.0,25.0455055,121.5104056,True,11:00:00,19:00:00,10:00:00,21:30:00,10:00:00,21:30:00,10:00:00,21:30:00,10:00:00,21:30:00,10:00:00,21:30:00,10:00:00,21:30:00,https://maps.google.com/?cid=16315199039740115822,,,yes,臺北郵局(撫臺街洋樓),55.77544567519526,西門,358.61584737621797
260,ChIJO2PEZzypQjQRwk-CNGrFP1U,17Café (Cosmos Hotel Taipei),"100, Taiwan, Taipei City, Zhongzheng District, Liming Village, 忠孝西路一段43號",4.6,69,,25.0463736,121.5183769,True,10:30:00,18:00:00,10:30:00,18:00:00,10:30:00,18:00:00,10:30:00,18:00:00,10:30:00,18:00:00,10:30:00,18:00:00,10:30:00,18:00:00,https://maps.google.com/?cid=6142845476694806466,,,,捷運臺北車站M3,61.2330867001559,台北車站,92.20172727036885
261,ChIJOSHdzpqpQjQReth3v_hHnTk,Simple Kaffa Huashan Flagship Store,"No. 27號, Section 2, Zhongxiao E Rd, Meihua Village, Zhongzheng District, Taipei City, Taiwan 100",4.4,5544,2.0,25.0439031,121.5276904,True,10:00:00,17:00:00,10:00:00,17:00:00,10:00:00,17:00:00,10:00:00,17:00:00,10:00:00,17:00:00,10:00:00,17:00:00,10:00:00,17:00:00,https://maps.google.com/?cid=4151553565195229306,,,,華山文創園區,13.717072345864333,善導寺,441.06177096555933
262,ChIJ3StPMempQjQRGPVwT5Fsszo,Tamping coffee 填平咖啡,"100, Taiwan, Taipei City, Zhongzheng District, Jianguo Village, Aiguo W Rd, 1號圖書館",4.8,226,,25.0358497,121.512957,True,,,09:30:00,16:30:00,09:30:00,16:30:00,09:30:00,16:30:00,09:30:00,16:30:00,09:30:00,16:30:00,10:30:00,16:30:00,https://maps.google.com/?cid=4229843846389888280,,,,臺北市立大學,91.50636985661617,小南門,217.11456276066238
263,ChIJf9aIRH6pQjQRF2NW93zKq2g,Nearby Cafe 2 (craft beer/Natural wine 自然派ワイン/クラフトビール),"No. 37號, Yanping S Rd, Guangfu Village, Zhongzheng District, Taipei City, Taiwan 100",4.6,182,,25.045395,121.510671,True,10:00:00,00:00:00,10:00:00,00:00:00,10:00:00,00:00:00,10:00:00,00:00:00,10:00:00,00:00:00,10:00:00,01:00:00,10:00:00,01:00:00,https://maps.google.com/?cid=7542344639036416791,,,yes,臺北郵局(撫臺街洋樓),77.16648390745955,西門,362.78848011937214
265,ChIJu11fMUypQjQRX3SkVhMfIkw,Youmou to Ohana Coffee Dongmen,"No. 9-1號, Section 1, Xinyi Rd, Dongmen Village, Zhongzheng District, Taipei City, Taiwan 100",4.4,441,2.0,25.0367147,121.5222405,True,11:00:00,21:00:00,11:00:00,21:00:00,,,11:00:00,21:00:00,11:00:00,21:00:00,11:00:00,21:00:00,11:00:00,21:00:00,https://maps.google.com/?cid=5485981464009143391,yes,,yes,中正紀念堂,156.63297494680265,中正紀念堂,582.74775626337
266,ChIJYZL7fnupQjQRmYAxg8hOXuo,沐樂咖啡,"No. 7號, Lane 13, Linyi St, Xingshi Village, Zhongzheng District, Taipei City, Taiwan 100",4.1,1290,2.0,25.0423518,121.5310859,True,11:00:00,18:30:00,11:00:00,18:30:00,11:00:00,18:30:00,11:00:00,18:30:00,11:00:00,18:30:00,11:00:00,18:30:00,11:00:00,18:30:00,https://maps.google.com/?cid=16888022275787423897,,,,忠孝國小,27.718853970967718,忠孝新生,176.97674762570298
267,ChIJkUx2aqGpQjQRNayIDycScDM,出頭天咖啡廳,"100, Taiwan, Taipei City, Zhongzheng District, Xingfu Village, Lane 84, Section 1, Zhongxiao E Rd, 2號1樓",4.8,57,,25.0442405,121.5239056,True,11:30:00,18:00:00,10:30:00,18:00:00,10:30:00,18:00:00,10:30:00,18:00:00,10:30:00,18:00:00,10:30:00,18:00:00,10:30:00,18:00:00,https://maps.google.com/?cid=3706482452299557941,,,,捷運善導寺站,138.70568925372302,善導寺,75.57529331358481
268,ChIJ13WfAXupQjQRPSGT92Z0z88,Coffee Lab,"No. 6號, Lane 64, Section 2, Zhongxiao E Rd, Xingfu Village, Zhongzheng District, Taipei City, Taiwan 100",4.6,787,2.0,25.0429973,121.5286123,True,11:00:00,20:00:00,11:00:00,19:00:00,11:00:00,19:00:00,11:00:00,19:00:00,11:00:00,19:00:00,11:00:00,19:00:00,11:00:00,20:00:00,https://maps.google.com/?cid=14974315271619289405,,,,華山文創園區,141.06741569039002,忠孝新生,433.6051825335964
269,ChIJe0dKQ_upQjQRn9iO-oKzdaI,Très Bon 好伴CAFÉ,"No. 5號, Lane 224, Bo'ai Rd, Nanmen Village, Zhongzheng District, Taipei City, Taiwan 100",4.5,188,,25.0340716,121.5100042,True,11:00:00,18:00:00,11:00:00,18:00:00,11:00:00,18:00:00,11:00:00,18:00:00,11:00:00,18:00:00,11:00:00,18:00:00,11:00:00,18:00:00,https://maps.google.com/?cid=11706460181550258335,,yes,,捷運小南門站,203.42313416435866,小南門,218.22227115122868
270,ChIJGWewowupQjQRv5lZkuYyDhU,上上咖啡 ShangShang Coffee,"No. 95號, Yanping S Rd, Guangfu Village, Zhongzheng District, Taipei City, Taiwan 100",4.0,989,2.0,25.042742,121.510787,True,10:30:00,17:30:00,10:30:00,19:30:00,10:30:00,19:30:00,10:30:00,19:30:00,10:30:00,19:30:00,10:30:00,19:30:00,09:10:00,19:30:00,https://maps.google.com/?cid=1517206090349648319,yes,,,衡陽路,54.23938919574436,西門,219.9078123100452
271,ChIJoUDCvwupQjQReFQCWKICI7A,4F劇場咖啡（假日暫不提供訂位）,"100, Taiwan, Taipei City, Zhongzheng District, Guangfu Village, Yanping S Rd, 98號4樓",4.5,895,2.0,25.0429975,121.5101957,True,11:00:00,19:00:00,11:00:00,19:00:00,11:00:00,19:00:00,11:00:00,19:00:00,11:00:00,19:00:00,11:00:00,19:00:00,11:00:00,19:00:00,https://maps.google.com/?cid=12691991071144694904,yes,,yes,衡陽路,84.79549349229252,西門,163.28721485797996
272,ChIJ-aUXc9WpQjQRB3HKRczzSrM,客美多咖啡 Komeda‘s Coffee - 華山杭南店,"100, Taiwan, Taipei City, Zhongzheng District, Xingfu Village, 杭州南路一段23-1號",4.6,1039,2.0,25.0422882,121.5264873,True,07:30:00,21:00:00,07:30:00,21:00:00,07:30:00,21:00:00,07:30:00,21:00:00,07:30:00,21:00:00,07:30:00,21:00:00,07:30:00,21:00:00,https://maps.google.com/?cid=12919406539735462151,,yes,yes,濟南路二段,136.4373676236325,善導寺,413.2031100938804
273,ChIJTcuKaXupQjQR1PciOi7THvI,Paper St. Coffee Company,"No. 28號, Section 1, Bade Rd, Meihua Village, Zhongzheng District, Taipei City, Taiwan 10058",4.1,1073,2.0,25.043601,121.530227,True,09:00:00,19:00:00,09:00:00,19:00:00,09:00:00,19:00:00,09:00:00,19:00:00,09:00:00,19:00:00,09:00:00,20:00:00,09:00:00,20:00:00,https://maps.google.com/?cid=17446614201977206740,,,,審計部,34.90411143156703,忠孝新生,300.8860939196725
277,ChIJR2TLdnypQjQR7PSDgfmV-98,GinGin Coffee 忠孝本店,"100, Taiwan, Taipei City, Zhongzheng District, Xingshi Village, Lane 27, Linyi St, 9號1樓",4.2,1770,2.0,25.0410004,121.5313085,True,10:00:00,18:00:00,10:00:00,18:00:00,10:00:00,18:00:00,10:00:00,18:00:00,10:00:00,18:00:00,10:00:00,18:00:00,10:00:00,18:00:00,https://maps.google.com/?cid=16139658588464608492,,yes,,新生南路一段,99.61987282067317,忠孝新生,210.33480119364214
278,ChIJqWJME3OpQjQRdOe9NBSVV34,Oromo Café Taipei Station Store,"No. 26號, Nanyang St, Liming Village, Zhongzheng District, Taipei City, Taiwan 100",4.4,6863,2.0,25.044403,121.5159776,True,10:30:00,21:00:00,09:30:00,21:00:00,09:30:00,21:00:00,09:30:00,21:00:00,09:30:00,21:00:00,09:30:00,21:00:00,10:30:00,21:00:00,https://maps.google.com/?cid=9103909085769492340,yes,,yes,臺北車站(公園),93.69696498167096,台北車站,253.71464387096938
279,ChIJJaMfahOrQjQR5zi4em9Pd0Q,A.B.D. Coffee & Life,"No. 1 號, Lane 3, Linsen S Rd, Xingfu Village, Zhongzheng District, Taipei City, Taiwan 100",4.7,312,2.0,25.0443429,121.523632,True,10:00:00,17:00:00,08:30:00,17:00:00,08:30:00,17:00:00,08:30:00,17:00:00,08:30:00,17:00:00,08:30:00,17:00:00,10:00:00,17:00:00,https://maps.google.com/?cid=4933499257026525415,,,,捷運善導寺站,109.19535828177844,善導寺,50.99806834194041
280,ChIJr0RRUgupQjQRcZsdbyWvta8,Perk & Cafe,"100, Taiwan, Taipei City, Zhongzheng District, Liming Village, Huaining St, 76號1樓",4.5,1337,1.0,25.0432024,121.5139509,True,08:00:00,01:00:00,08:00:00,01:00:00,08:00:00,01:00:00,08:00:00,01:00:00,08:00:00,01:00:00,08:00:00,01:00:00,08:00:00,01:00:00,https://maps.google.com/?cid=12661218502734879601,yes,,yes,博物館(襄陽),66.44382096007442,台大醫院,283.4577063566963
282,ChIJ40KdSHOpQjQR52uY-VscRHg,Helen Coffee,"No. 42號, Guanqian Rd, Liming Village, Zhongzheng District, Taipei City, Taiwan 10047",4.4,947,2.0,25.04443,121.51483,True,09:00:00,18:00:00,09:00:00,18:00:00,09:00:00,18:00:00,09:00:00,18:00:00,09:00:00,18:00:00,09:00:00,18:00:00,09:00:00,18:00:00,https://maps.google.com/?cid=8666082764322794471,,,,博物館(館前),43.34240809417457,台北車站,334.00482680250013
285,ChIJBx1dGgypQjQRGruyWqNfxok,La Grotta,"100, Taiwan, Taipei City, Zhongzheng District, Jianguo Village, Section 1, Zhonghua Rd, 77-2號1樓",4.6,1424,2.0,25.038885,121.5078383,True,10:00:00,22:00:00,10:00:00,22:00:00,10:00:00,22:00:00,10:00:00,22:00:00,,,10:00:00,22:00:00,10:00:00,22:00:00,https://maps.google.com/?cid=9927727583790807834,,,,小南門,85.63106483765038,西門,431.0765519504368
286,ChIJZ9fqmf6pQjQRZOahfHvsvz0,Ramble Cafe 漫步藍咖啡台北北門店(5/30、31公休),"100001, Taiwan, Taipei City, Zhongzheng District, Yanping S Rd, 13-1號號(位於開封街上",4.5,232,,25.0461109,121.5110168,True,09:30:00,18:30:00,07:30:00,19:00:00,07:30:00,19:00:00,07:30:00,19:00:00,07:30:00,19:00:00,07:30:00,19:00:00,09:30:00,18:30:00,https://maps.google.com/?cid=4449534971981456996,,,,臺北郵局(撫臺街洋樓),74.75491355425254,北門,370.8013489742492
288,ChIJN1nPueKpQjQRWc2TjOI0mww,Hito cafe,"100, Taiwan, Taipei City, Zhongzheng District, Xingfu Village, 杭州南路一段15-1號",4.5,39,,25.0428282,121.5268806,True,,,09:00:00,18:30:00,09:00:00,18:30:00,09:00:00,18:30:00,09:00:00,18:30:00,09:00:00,18:30:00,,,https://maps.google.com/?cid=908377897471036761,yes,,yes,華山文創園區,131.78857860328674,善導寺,409.459416499694
293,ChIJ5xYmZtirQjQRJZetI_CIovw,Lebobo coffee,"No. 10-1號, Section 2, Ren'ai Rd, Wenbei Village, Zhongzheng District, Taipei City, Taiwan 10491",4.8,261,,25.0381102,121.5257867,True,10:00:00,18:00:00,10:00:00,18:00:00,10:00:00,18:00:00,10:00:00,18:00:00,10:00:00,18:00:00,10:00:00,18:00:00,10:00:00,18:00:00,https://maps.google.com/?cid=18204263208757073701,,,,仁愛杭州路口,48.08022562408224,東門,588.4275395154932
294,ChIJ33F3QHOpQjQRIpeP9z056LU,Wilbeck Cafe,"No. 26-7, Xinyang St, Liming Village, Zhongzheng District, Taipei City, Taiwan 100",4.6,1383,1.0,25.0446006,121.5156391,True,08:00:00,17:00:00,07:30:00,18:00:00,07:30:00,18:00:00,07:30:00,18:00:00,07:30:00,18:00:00,07:30:00,18:00:00,08:00:00,17:00:00,https://maps.google.com/?cid=13107789653770999586,,,,博物館(館前),79.12089381066511,台北車站,259.6402322668229
295,ChIJ4X_SWAupQjQRQXpZEj_JVuA,Metro Cafe,"No. 70, Section 1, Chongqing S Rd, Guangfu Village, Zhongzheng District, Taipei City, Taiwan 100",4.2,436,,25.043608,121.513102,True,,,08:00:00,17:00:00,08:00:00,17:00:00,08:00:00,17:00:00,08:00:00,17:00:00,08:00:00,17:00:00,09:00:00,17:00:00,https://maps.google.com/?cid=16165329185220950593,,,,重慶南路一段,89.26160111484185,台大醫院,379.1431526783207
297,ChIJP-PjzkOpQjQRttc3FIHDk0E,書香家咖啡,"No. 49號, Section 1, Chongqing S Rd, Liming Village, Zhongzheng District, Taipei City, Taiwan 100",4.4,57,,25.0447352,121.5133722,True,11:00:00,20:00:00,11:00:00,20:00:00,11:00:00,20:00:00,11:00:00,20:00:00,11:00:00,20:00:00,11:00:00,20:00:00,11:00:00,20:00:00,https://maps.google.com/?cid=4725335393199183798,yes,,yes,重慶南路一段,17.53795875480296,台大醫院,444.3013958206248
300,ChIJYR9wWIytQjQR8gzoVNqYgy8,BorgesPlace,"No. 22號, Changji St, Penglai Village, Datong District, Taipei City, Taiwan 103",4.7,1176,2.0,25.0657177,121.5172911,True,09:00:00,21:00:00,09:00:00,21:00:00,09:00:00,21:00:00,09:00:00,21:00:00,09:00:00,21:00:00,09:00:00,21:00:00,09:00:00,21:00:00,https://maps.google.com/?cid=3423748205226495218,,,,大同國小,131.03643911291178,大橋頭,541.3057608259089
301,ChIJl2NC-COpQjQRdZmgrZeaUrc,TWATUTIA Coffee & Co.,"No. 279號, Nanjing W Rd, Yongle Village, Datong District, Taipei City, Taiwan 103",4.5,376,,25.0534658,121.5093488,True,10:30:00,18:30:00,09:30:00,17:30:00,09:30:00,17:30:00,09:30:00,17:30:00,09:30:00,17:30:00,09:30:00,17:30:00,10:30:00,18:30:00,https://maps.google.com/?cid=13209790633274808693,,,,南京西寧路口,92.56500832653886,北門,461.2118018745969
302,ChIJ7wGtoYSpQjQRiahqm68Pmo8,蕼蒔荳留,"No. 8號, Lane 85, Dalong St, Siwen Village, Datong District, Taipei City, Taiwan 103",4.9,253,,25.0663695,121.516322,True,10:00:00,18:00:00,10:00:00,18:00:00,10:00:00,18:00:00,,,10:00:00,18:00:00,10:00:00,18:00:00,10:00:00,18:00:00,https://maps.google.com/?cid=10347600340738287753,,,,大同國小,220.10049546572236,大橋頭,507.3378496781079
303,ChIJYfMF8G-pQjQR77kkTrVRIHo,朔望咖啡 SYZYGY COFFEE,"103, Taiwan, Taipei City, Datong District, 大同區 Lane 69, Section 1, Yanping N Rd, 40號1樓",4.8,281,1.0,25.0514803,121.5132759,True,,,10:30:00,17:30:00,10:30:00,17:30:00,,,10:30:00,17:30:00,10:30:00,17:30:00,11:00:00,18:00:00,https://maps.google.com/?cid=8800123511023909359,,,,延平一站(長安),64.4958604569146,台北車站,325.94193335951076
304,ChIJN7UIdHSpQjQR5B61Z59x-Q0,Instil Coffee - Zhongshan（中山店）,"No. 25號, Lane 77, Section 1, Chengde Rd, Jiantai Village, Datong District, Taipei City, Taiwan 103",4.5,335,,25.0521457,121.5183005,True,10:00:00,18:00:00,09:00:00,18:00:00,09:00:00,18:00:00,09:00:00,18:00:00,09:00:00,18:00:00,09:00:00,18:00:00,10:00:00,18:00:00,https://maps.google.com/?cid=1006960921147678436,,yes,,捷運中山站(志仁高中),94.36320500228724,中山,217.58104865738287
305,ChIJ0equJpKpQjQRivQtdg0VQmk,菸花Op.118.2,"10343, Taiwan, Taipei City, Datong District, Yongle Village, Lane 14, Section 1, Dihua St, 37號菸花一、二樓",4.8,630,2.0,25.0540175,121.5093578,True,10:30:00,20:00:00,10:30:00,20:00:00,10:30:00,20:00:00,10:30:00,20:00:00,,,10:30:00,20:00:00,10:30:00,20:00:00,https://maps.google.com/?cid=7584647870006817930,,,,南京西寧路口,52.90497594611915,北門,520.8972011407252
306,ChIJiXiD7BOpQjQRtpCglEq12v8,Pallas Cafe,"No. 14號, Lane 14, Section 1, Dihua St, Yongle Village, Datong District, Taipei City, Taiwan 103",4.5,1608,2.0,25.0541599,121.509734,True,11:00:00,19:00:00,11:00:00,19:00:00,,,12:00:00,19:00:00,11:00:00,19:00:00,11:00:00,19:00:00,11:00:00,19:00:00,https://maps.google.com/?cid=18436247356520304822,,,,南京西寧路口,87.94397202942498,北門,530.7768047512506
307,ChIJZzkcm2KpQjQRHyDScK63Etk,琢磨咖啡 coffee 永樂店 2F,"103, Taiwan, Taipei City, Datong District, Yongle Village, Lane 233, Nanjing W Rd, 18號2樓",4.8,867,,25.0543466,121.5103843,True,08:00:00,18:00:00,08:00:00,18:00:00,08:00:00,18:00:00,08:00:00,18:00:00,08:00:00,18:00:00,08:00:00,18:00:00,08:00:00,18:00:00,https://maps.google.com/?cid=15641766415656165407,,yes,yes,迪化街口(永樂市場),67.38178103696046,北門,548.0811887349925
308,ChIJKxsPoU2pQjQRUpfs__F_r1Y,Waiting Cafe & Tea,"No. 88號, Jinxi St, Shuanglian Village, Datong District, Taipei City, Taiwan 10364",4.9,159,,25.060174,121.5189374,True,10:00:00,20:00:00,10:00:00,20:00:00,,,10:00:00,20:00:00,10:00:00,20:00:00,10:00:00,20:00:00,10:00:00,20:00:00,https://maps.google.com/?cid=6246351885543708498,,,,成淵高中,95.10350756988156,大橋頭,713.4467404712417
309,ChIJsX6RCmepQjQRyGZzrKzj69Q,MIDDLE NAME coffee & space,"No. 10號, Lane 18, Nanjing W Rd, Jiantai Village, Datong District, Taipei City, Taiwan 103",4.2,810,2.0,25.0516392,121.52012,True,09:00:00,18:00:00,09:00:00,18:00:00,09:00:00,18:00:00,09:00:00,18:00:00,09:00:00,18:00:00,09:00:00,18:00:00,09:00:00,18:00:00,https://maps.google.com/?cid=15342606886334850760,,,,捷運中山站(志仁高中),119.49862092335943,中山,112.64686684347373
310,ChIJBWgZEb2pQjQRU2_7VpjKlIo,COFE 喫茶 · 咖啡,"103, Taiwan, Taipei City, Datong District, Dayou Village, Section 1, Dihua St, 248號2樓",4.5,583,2.0,25.0601022,121.509312,True,10:00:00,18:00:00,10:00:00,18:00:00,10:00:00,18:00:00,10:00:00,18:00:00,10:00:00,18:00:00,10:00:00,18:00:00,10:00:00,18:00:00,https://maps.google.com/?cid=9985829029430390611,,,,保安街口,205.94696157701267,大橋頭,483.8155725229053
311,ChIJwV7BlYWpQjQRhh4gBVEs2zA,Kobee Coffee Lounge,"No. 11號, Section 3, Yanping N Rd, Longhe Village, Datong District, Taipei City, Taiwan 103",4.2,160,,25.0636497,121.511302,True,09:00:00,18:00:00,09:00:00,18:00:00,09:00:00,18:00:00,09:00:00,18:00:00,,,09:00:00,21:00:00,09:00:00,23:00:00,https://maps.google.com/?cid=3520456260210138758,,yes,yes,延三觀光夜市,11.81514325315775,大橋頭,149.1351124058544
312,ChIJoSRthc2pQjQRfhNJHwNorCo,Insinger To Go 硬性格 外帶咖啡,"No. 133號, Huayin St, Jianming Village, Datong District, Taipei City, Taiwan 103",4.7,152,1.0,25.0501603,121.5161448,True,09:00:00,16:30:00,08:00:00,16:00:00,08:00:00,16:00:00,08:00:00,16:00:00,08:00:00,16:00:00,08:00:00,16:00:00,09:00:00,16:30:00,https://maps.google.com/?cid=3074947008206279550,,,,臺北車站(承德),65.00880087197011,台北車站,242.94695365210293
313,ChIJ3cG7zy6pQjQRER4ItO3L2Hw,Jiang Xiansheng Cafe,"No. 328號, Section 1, Dihua St, Nanfang Village, Datong District, Taipei City, Taiwan 103",5.0,27,,25.0620581,121.509164,True,11:00:00,17:00:00,11:00:00,17:00:00,11:00:00,17:00:00,11:00:00,17:00:00,11:00:00,17:00:00,11:00:00,17:00:00,11:00:00,17:00:00,https://maps.google.com/?cid=8996164477460684305,,,,臺北橋,215.29794531507392,大橋頭,377.9316362002155
315,ChIJq0vMu0apQjQRfTf6H1sdysE,別所 shelter,"No. 18, Lane 51, Section 3, Chengde Rd, Penglai Village, Datong District, Taipei City, Taiwan 103",4.1,1716,2.0,25.0641265,121.5187839,True,11:00:00,23:00:00,11:00:00,23:00:00,11:00:00,23:00:00,11:00:00,23:00:00,11:00:00,23:00:00,11:00:00,23:00:00,11:00:00,23:00:00,https://maps.google.com/?cid=13964005871831365501,,,,防癆協會,77.14817912238381,大橋頭,622.96778810907
316,ChIJAZyrjsapQjQRi70yW6zdWBE,琢磨咖啡 coffee,"No. 265號, Guisui St, Dayou Village, Datong District, Taipei City, Taiwan 103",4.6,1130,2.0,25.0582958,121.5100584,True,08:00:00,18:00:00,08:00:00,18:00:00,08:00:00,18:00:00,08:00:00,18:00:00,08:00:00,18:00:00,08:00:00,18:00:00,08:00:00,18:00:00,https://maps.google.com/?cid=1249992628929478027,,yes,yes,民生西路口(大稻埕碼頭),146.70011432721694,大橋頭,604.6727982567065
317,ChIJ6_2liDipQjQRFEpUjMI_92g,A Fighter Cafe,"No. 79-1號, Xining N Rd, Yongle Village, Datong District, Taipei City, Taiwan 103001",4.9,236,,25.0557059,121.5090058,True,11:00:00,18:00:00,11:00:00,18:00:00,11:00:00,18:00:00,11:00:00,18:00:00,11:00:00,18:00:00,11:00:00,18:00:00,11:00:00,18:00:00,https://maps.google.com/?cid=7563584204002576916,,,yes,民生西寧路口,90.35429263783287,北門,711.2701204150688
318,ChIJeQDnuqGpQjQRMH7-6IAcGgs,Generals & Cafe. 稻津咖啡,"No. 87-1, Xining N Rd, Yongle Village, Datong District, Taipei City, Taiwan 103",4.8,198,,25.0564657,121.5091045,True,08:00:00,01:00:00,08:00:00,01:00:00,08:00:00,01:00:00,08:00:00,01:00:00,08:00:00,01:00:00,08:00:00,01:00:00,08:00:00,01:00:00,https://maps.google.com/?cid=799983223802068528,,,yes,民生西寧路口,9.50957711751332,北門,792.4834042971288
320,ChIJXdTP5pipQjQRgYjN9LugXCg,山丘 SUNCHILL ｜山丘咖啡（ 大同區咖啡廳｜淺烘焙咖啡專賣｜單品手沖專賣｜海鹽奶油捲專賣｜可麗露專賣）,"No. 28號, Changji St, 大同區 Datong District, Taipei City, Taiwan 103",4.7,379,,25.0657766,121.5171289,True,09:00:00,18:00:00,08:00:00,18:00:00,08:00:00,18:00:00,08:00:00,18:00:00,08:00:00,18:00:00,08:00:00,18:00:00,09:00:00,18:00:00,https://maps.google.com/?cid=2908376188500936833,,yes,,大同國小,145.04739259017916,大橋頭,530.8332644802264
321,ChIJ7QTgVx-pQjQRWAbUhxzpB2U,BEAN BARN 豆荒良倉,"No. 49號, Shuanglian St, Shuanglian Village, Datong District, Taipei City, Taiwan 103",4.8,308,,25.0591123,121.5190376,True,11:00:00,18:00:00,11:00:00,18:00:00,11:00:00,18:00:00,11:00:00,18:00:00,11:00:00,18:00:00,11:00:00,18:00:00,11:00:00,18:00:00,https://maps.google.com/?cid=7280043631414871640,,,,成淵高中,74.31183606021719,中山,731.425530934523
323,ChIJ-2g_PC2pQjQRqdszB6RLI2s,Oh mi! Cafe.歐米咖啡,"No. 97號, Section 2, Yanping N Rd, Zhaoyang Village, Datong District, Taipei City, Taiwan 103",4.7,575,1.0,25.0565791,121.5117105,True,08:00:00,18:00:00,08:00:00,18:00:00,08:00:00,18:00:00,08:00:00,18:00:00,08:00:00,18:00:00,08:00:00,18:00:00,08:00:00,18:00:00,https://maps.google.com/?cid=7720097354110720937,,,,民生西路口(大稻埕碼頭),25.64655067696145,大橋頭,739.8911462114805
325,ChIJyVo8GrupQjQRg3AFg0ebSzw,JOMO Coffee Roaster,"No. 17-1號, Lane 91, Dalong St, Siwen Village, Datong District, Taipei City, Taiwan 103",4.7,257,,25.0673969,121.5169958,True,08:00:00,18:00:00,08:00:00,18:00:00,08:00:00,18:00:00,08:00:00,18:00:00,08:00:00,18:00:00,08:00:00,18:00:00,08:00:00,18:00:00,https://maps.google.com/?cid=4344736996972130435,,,,民族承德路口,144.63100239110054,圓山,546.5764389476127
328,ChIJv_8Ru3qpQjQR6TrsYZ96mt0,Fun Fun Cafe 放放咖啡| Coffee,"No. 151號, Ningxia Rd, Minquan Village, Datong District, Taipei City, Taiwan 103",4.9,52,,25.0612206,121.5143371,True,11:00:00,19:00:00,11:00:00,19:00:00,11:00:00,19:00:00,11:00:00,19:00:00,11:00:00,19:00:00,11:00:00,19:00:00,11:00:00,19:00:00,https://maps.google.com/?cid=15968210253756775145,,,yes,涼州重慶路口,88.55430555512636,大橋頭,274.686078614679
331,ChIJrzD82IWpQjQRn9Sg813dzQU,Block & Cafe,"103013, Taiwan, Taipei City, Datong District, Jianming Village, Taiyuan Rd, 50號2樓",4.5,1376,2.0,25.0508535,121.5152487,True,08:00:00,01:00:00,08:00:00,01:00:00,08:00:00,01:00:00,08:00:00,01:00:00,08:00:00,01:00:00,08:00:00,01:00:00,08:00:00,01:00:00,https://maps.google.com/?cid=418233736004424863,yes,,yes,後車站,54.81735456957009,台北車站,255.00782554318374
332,ChIJ2U_f8R6pQjQRX_PQJ92cwJs,春天家 haruya.cafe,"No. 55號, Xining N Rd, 大同區 Datong District, Taipei City, Taiwan 103",4.8,190,,25.054402,121.508938,True,11:00:00,18:00:00,10:30:00,18:00:00,10:30:00,18:00:00,10:30:00,18:00:00,10:30:00,18:00:00,10:30:00,18:00:00,11:00:00,18:00:00,https://maps.google.com/?cid=11223142745076986719,,,,南京西寧路口,26.33506584400609,北門,571.6859757127302
333,ChIJBbGxrBSpQjQRzUSuAeJFPyI,WENISM CAFE 走馬啡 大同老屋,"No. 12號, Section 2, Chongqing N Rd, Zhaoyang Village, Datong District, Taipei City, Taiwan 103",4.6,331,2.0,25.054482,121.51413,True,10:00:00,18:00:00,10:00:00,18:00:00,10:00:00,18:00:00,10:00:00,18:00:00,10:00:00,18:00:00,10:00:00,18:00:00,10:00:00,18:00:00,https://maps.google.com/?cid=2467767957815444685,,,yes,圓環 (鈕扣街),104.37658775691405,台北車站,640.4506348949003
335,ChIJd9ddmmypQjQRrXQjdZ4rpak,Triangle Garden Cafe,"103, Taiwan, Taipei City, Datong District, Jiantai Village, Taiyuan Rd, 131號2樓",4.4,2005,2.0,25.0530645,121.5161049,True,10:00:00,20:00:00,10:00:00,18:00:00,10:00:00,18:00:00,10:00:00,18:00:00,10:00:00,18:00:00,10:00:00,18:00:00,10:00:00,20:00:00,https://maps.google.com/?cid=12224224723137164461,,,yes,圓環 (南京),64.78103241445739,中山,435.2611593470602
337,ChIJyTJiPtipQjQRPaqqrwNtrd4,AKA café 老宅咖啡廳,"No. 66號, Minle St, Dayou Village, Datong District, Taipei City, Taiwan 103",3.8,915,,25.057632,121.5103041,True,10:30:00,18:30:00,10:30:00,18:30:00,10:30:00,18:30:00,10:30:00,18:30:00,10:30:00,18:30:00,10:30:00,18:30:00,10:30:00,18:30:00,https://maps.google.com/?cid=16045600909990472253,yes,yes,,迪化街,106.28339559751493,大橋頭,662.0603562022136
341,ChIJT_H9KiypQjQRTmeXCclWxrc,morimori patisserie,"No. 24號, Dalong St, Penglai Village, Datong District, Taipei City, Taiwan 103",4.7,346,,25.0638305,121.5159185,True,11:00:00,17:30:00,11:00:00,17:30:00,11:00:00,17:30:00,,,11:00:00,17:30:00,11:00:00,17:30:00,11:00:00,17:00:00,https://maps.google.com/?cid=13242367175778854734,,,yes,民權大龍街口,106.89964661246168,大橋頭,332.76539180415955
342,ChIJzw_ny9mpQjQRu2eXiEzZu8E,bog tea house buubu,"103, Taiwan, Taipei City, Datong District, Guangneng Village, Lane 49, Chifeng St, 2號2樓",4.4,1405,2.0,25.0555612,121.5196941,True,10:50:00,18:20:00,10:50:00,18:20:00,10:50:00,18:20:00,10:50:00,18:20:00,10:50:00,18:20:00,10:50:00,18:20:00,10:50:00,18:20:00,https://maps.google.com/?cid=13959990392697350075,,yes,,建成公園,198.5136509923124,中山,332.71235247686195
345,ChIJP-nBYGepQjQRbAkZNIYidS0,Tinytail Coffee,"103, Taiwan, Taipei City, Datong District, Nanfang Village, Minquan W Rd, 302號2樓",4.0,344,,25.0628593,121.5102296,True,11:00:00,18:00:00,11:00:00,18:00:00,11:00:00,18:00:00,11:00:00,18:00:00,11:00:00,18:00:00,11:00:00,18:00:00,11:00:00,18:00:00,https://maps.google.com/?cid=3275562263776921964,yes,,,延三觀光夜市,127.43097570569853,大橋頭,251.50891694699763
348,ChIJ9_vmw86pQjQRCxLP5UCJjNQ,鼠皮soopi cafe（休假以IG公告為主）,"103011, Taiwan, Taipei City, Datong District, Zhaoyang Village, Lane 61, Section 2, Yanping N Rd, 22號1樓",4.7,159,,25.0555109,121.5123367,True,11:00:00,19:00:00,11:00:00,18:00:00,11:00:00,18:00:00,11:00:00,18:00:00,11:00:00,18:00:00,11:00:00,18:00:00,11:00:00,19:00:00,https://maps.google.com/?cid=15315767344606679563,,,,民生西路口(大稻埕碼頭),117.54629904172938,北門,706.69104570509
350,ChIJNwiXwkSpQjQRZ1ETR-QTUCc,月霞 Waha Cafe,"103, Taiwan, Taipei City, Datong District, Guangneng Village, Lane 47, Chifeng St, 3號1樓",4.4,818,2.0,25.0553361,121.5197593,True,11:00:00,19:00:00,11:00:00,19:00:00,11:00:00,19:00:00,11:00:00,19:00:00,11:00:00,19:00:00,11:00:00,19:00:00,11:00:00,19:00:00,https://maps.google.com/?cid=2832786036781961575,,,,建成公園,188.44206673152232,中山,306.95201928519924
351,ChIJizl1cj6pQjQR9pTlph-UU7s,D.g coffee,"No. 334號, Section 1, Dihua St, Nanfang Village, Datong District, Taipei City, Taiwan 103",4.1,814,2.0,25.0622092,121.5091733,True,10:00:00,18:00:00,10:00:00,18:00:00,10:00:00,18:00:00,10:00:00,18:00:00,10:00:00,18:00:00,10:00:00,18:00:00,10:00:00,18:00:00,https://maps.google.com/?cid=13498295371824469238,,,,臺北橋,219.58935358203982,大橋頭,371.77636026667057
353,ChIJQ97hXQCpQjQRMzXYdwfIKYI,古舕咖啡(Good Time coffee),"No. 198號, Section 2, Chongqing N Rd, Nanfang Village, Datong District, Taipei City, Taiwan 103",4.3,81,,25.0627924,121.5134126,True,09:00:00,17:00:00,09:00:00,20:00:00,09:00:00,20:00:00,09:00:00,20:00:00,09:00:00,20:00:00,09:00:00,20:00:00,09:00:00,20:00:00,https://maps.google.com/?cid=9379247633376752947,,,,捷運大橋頭站,22.0628767536748,大橋頭,85.26381853143221
356,ChIJAyvfIJqpQjQR5I19JwKbdbY,根元咖啡 elementi,"No. 197號, Section 1, Dihua St, Dayou Village, Datong District, Taipei City, Taiwan 103",4.4,615,,25.059312,121.5096069,True,10:00:00,18:00:00,10:00:00,18:00:00,10:00:00,18:00:00,10:00:00,18:00:00,10:00:00,18:00:00,10:00:00,18:00:00,10:00:00,18:00:00,https://maps.google.com/?cid=13147585120732810724,,,,保安街口,185.30908097121196,大橋頭,531.3680014025211
360,ChIJzY-cteipQjQR1IhEukV2qJc,Squeeze Coffee ( Last order is 30 minutes before closing / No socket provided),"No. 65號, Yajiang St, Caiyuan Village, Wanhua District, Taipei City, Taiwan 108",4.8,368,,25.041475,121.501623,True,09:00:00,16:00:00,08:00:00,16:00:00,,,08:00:00,16:00:00,,,,,09:00:00,16:00:00,https://maps.google.com/?cid=10928114537664383188,,,,西門國小(臺大醫院北護分院),57.17610655953348,龍山寺,716.0402372933346
361,ChIJe3lTjT2pQjQRC3cZsyq6xU8,肯都咖啡 Cando Coffee 自烘焙咖啡與甜點,"No. 263號, Kangding Rd, Fufu Village, Wanhua District, Taipei City, Taiwan 108020",4.7,470,,25.034506,121.501228,True,09:00:00,18:00:00,09:00:00,18:00:00,09:00:00,18:00:00,09:00:00,18:00:00,09:00:00,18:00:00,09:00:00,18:00:00,09:00:00,18:00:00,https://maps.google.com/?cid=5748205191964489483,yes,yes,yes,萬華車站,13.71834516419736,萬華,176.62622867170748
363,ChIJVQZuaqapQjQRBOza54QGrgM,GazeCafe,"108, Taiwan, Taipei City, Wanhua District, Fufu Village, Guangzhou St, 32號1樓",4.6,657,2.0,25.0363918,121.5044547,True,,,11:00:00,19:00:00,11:00:00,19:00:00,11:00:00,19:00:00,11:00:00,19:00:00,11:00:00,19:00:00,11:00:00,19:00:00,https://maps.google.com/?cid=265156595956771844,,,,龍山國中,64.98180275969828,龍山寺,506.89467324145585
364,ChIJY2wHW-apQjQRA72XzRlYgO8,旺旺屋 5/15(五) 12：30營業,"No. 26-1號, Lane 287, Kangding Rd, Fufu Village, Wanhua District, Taipei City, Taiwan 108",4.8,328,,25.0340107,121.5019048,True,11:00:00,18:00:00,11:00:00,18:00:00,11:00:00,18:00:00,11:00:00,18:00:00,,,11:00:00,18:00:00,11:00:00,18:00:00,https://maps.google.com/?cid=17257890639930440963,,,yes,萬華車站,86.70775327610801,萬華,209.41838178278186
366,ChIJORAIagCpQjQRIsLsekfQeZg,Ramble Cafe,"108015, Taiwan, Taipei City, Wanhua District, Fumin Village, Kangding Rd, 294號1樓",4.8,104,,25.0364448,121.5013512,True,09:00:00,18:00:00,08:00:00,19:00:00,08:00:00,19:00:00,08:00:00,19:00:00,08:00:00,19:00:00,08:00:00,19:00:00,09:00:00,19:00:00,https://maps.google.com/?cid=10987041771370627618,,,,龍山寺(康定),25.748502247519358,龍山寺,220.06339090485434
367,ChIJqxA-PF-pQjQRbgBJXr5GADU,Pure Coffee,"No. 95-3號, Guangzhou St, Rende Village, Wanhua District, Taipei City, Taiwan 108",4.8,348,,25.0366341,121.5037575,True,11:00:00,19:00:00,10:00:00,19:00:00,10:00:00,19:00:00,10:00:00,19:00:00,10:00:00,19:00:00,10:00:00,19:00:00,11:00:00,19:00:00,https://maps.google.com/?cid=3819130267449753710,yes,,yes,龍山國中,91.09751477502019,龍山寺,447.1982074972526
368,ChIJrdn6PAmpQjQRaclry9PagdY,Somebody Cafe,"108, Taiwan, Taipei City, Wanhua District, Ximen Village, Chengdu Rd, 65號2樓",4.1,1644,2.0,25.042924,121.505745,True,10:00:00,16:30:00,10:00:00,16:30:00,10:00:00,16:30:00,,,,,10:00:00,16:30:00,10:00:00,16:30:00,https://maps.google.com/?cid=15456875999298046313,,yes,,西門市場 (成都),81.7313223045579,西門,289.87559833946284
371,ChIJF-JLRgipQjQRLAig3hau0i8,Cho Café,"No. 113號, Kunming St, Ximen Village, Wanhua District, Taipei City, Taiwan 108",4.3,1133,2.0,25.04201,121.504794,True,11:00:00,19:00:00,11:00:00,19:00:00,11:00:00,19:00:00,,,11:00:00,19:00:00,11:00:00,19:00:00,11:00:00,19:00:00,https://maps.google.com/?cid=3446008078139394092,,,,昆明街(中醫院區),22.5346276309109,西門,392.6959802984949
372,ChIJxzPiMampQjQR7lFBc-z3SSs,九日咖啡（老店）9 Days Coffee,"No. 213號, Guangzhou St, Qingshan Village, Wanhua District, Taipei City, Taiwan 108",4.4,229,1.0,25.036767,121.49916,True,11:00:00,22:30:00,11:00:00,22:30:00,11:00:00,22:30:00,11:00:00,22:30:00,11:00:00,22:30:00,11:00:00,22:30:00,11:00:00,22:30:00,https://maps.google.com/?cid=3119296811848782318,,,,龍山寺(西園),55.93628671109837,龍山寺,169.6471066532055
374,ChIJayjDqp6pQjQRgU82MnomvPo,藝趣壹號店 Itchy Cafe,"No. 100號, Guoxing Rd, Xinhe Village, Wanhua District, Taipei City, Taiwan 108",4.7,51,,25.0272737,121.5056269,True,11:00:00,20:00:00,11:00:00,20:00:00,11:00:00,20:00:00,11:00:00,20:00:00,11:00:00,20:00:00,,,11:00:00,20:00:00,https://maps.google.com/?cid=18067358111373873025,yes,,,中華南海路口,68.1387237477531,萬華,893.0471087478498
377,ChIJb83QOaypQjQR5YCTuhLIv-c,時報本鋪書店 /咖啡飲品/手作甜點/藝文場地/不限時/免費插座,"108, Taiwan, Taipei City, Wanhua District, Tangbu Village, 和平西路三段240號一樓",4.5,433,2.0,25.0351756,121.4959809,True,11:00:00,18:00:00,11:00:00,18:00:00,11:00:00,18:00:00,11:00:00,18:00:00,11:00:00,18:00:00,11:00:00,18:00:00,11:00:00,18:00:00,https://maps.google.com/?cid=16699285926078284005,,,,中國時報,41.75618515327602,龍山寺,363.5568208556152
378,ChIJYUUQ-LepQjQRWrEiF94e4CU,梅笑糧行MAY SHOW CAFE,"108, Taiwan, Taipei City, Wanhua District, Caiyuan Village, Section 1, Xiyuan Rd, 37號1樓",5.0,64,,25.0407142,121.5000323,,,,,,,,,,,,,,,,https://maps.google.com/?cid=2729215313406243162,,,,青山宮,22.19987487154804,龍山寺,603.1972980463014
379,ChIJ24HsbrapQjQR19oLceYlc4M,Joah Coffee,"No. 166號, Dongyuan St, Baode Village, Wanhua District, Taipei City, Taiwan 108",4.6,36,,25.0226115,121.4979533,,,,,,,,,,,,,,,,https://maps.google.com/?cid=9471956112959593175,,,,東園國小,45.93469283380147,萬華,1215.9190502611248
380,ChIJQb3nLA-pQjQRdAFVaVXv8a4,妳有咖啡 neo cafe（每週二.三固定公休）最後點餐時間19:00,"108, Taiwan, Taipei City, Wanhua District, Section 2, Wuchang St, 83-9號號 2F",4.1,1147,2.0,25.0456972,121.5051101,True,10:00:00,20:00:00,10:00:00,20:00:00,,,,,10:00:00,20:00:00,10:00:00,20:00:00,10:00:00,20:00:00,https://maps.google.com/?cid=12606119982105166196,yes,yes,,漢口街,35.766635793974515,西門,483.6303390023472
382,ChIJkQMzl--pQjQR38vB_mJne58,巷日咖啡 Hikari Coffee&Dessert,"No. 6號, Alley 2, Lane 171, Hanzhong St, Xinqi Village, Wanhua District, Taipei City, Taiwan 108",4.6,236,,25.0412915,121.5071308,True,11:00:00,19:30:00,11:00:00,19:30:00,11:00:00,19:30:00,11:00:00,19:30:00,11:00:00,19:30:00,11:00:00,19:30:00,11:00:00,19:30:00,https://maps.google.com/?cid=11491892549044521951,,,,西門市場(漢中),71.34320850059842,西門,216.8266518739681
384,ChIJReWpcKepQjQRQpw0iY3EBrc,Flux by Fancia (Pet-Friendly),"10850, Taiwan, Taipei City, Wanhua District, Xinqi Village, Section 2, Guiyang St, 7號1樓",4.2,453,2.0,25.0395127,121.506083,True,11:00:00,19:00:00,11:00:00,20:00:00,11:00:00,20:00:00,11:00:00,20:00:00,11:00:00,20:00:00,11:00:00,20:00:00,11:00:00,20:00:00,https://maps.google.com/?cid=13188444670972435522,yes,,,貴陽街,21.690062796385245,西門,436.572883554873
389,ChIJy9m4yg2pQjQRejTaFslYJDk,19咖啡萬華東園店,"No. 11號, Lane 28, Dongyuan St, Zhongde Village, Wanhua District, Taipei City, Taiwan 108",4.2,89,,25.026776,121.49533,True,01:00:00,21:30:00,06:30:00,00:00:00,,,,,,,,,,,https://maps.google.com/?cid=4117513580018545786,,,,聚福宮,71.2516767712928,萬華,871.85407669885
390,ChIJJbPcpwmpQjQRxCFK-CvIrMI,Fong Da Coffee,"No. 42號, Chengdu Rd, Ximen Village, Wanhua District, Taipei City, Taiwan 108",4.0,6462,2.0,25.042566,121.506354,True,08:00:00,21:30:00,08:00:00,21:30:00,08:00:00,21:30:00,08:00:00,21:30:00,08:00:00,21:30:00,08:00:00,21:30:00,08:00:00,21:30:00,https://maps.google.com/?cid=14027807030527009220,,yes,,西門市場 (成都),16.713570017225873,西門,228.05351510727684
391,ChIJrRlVcMKpQjQRq6W_CawhkR4,Daybreak 破曉咖啡 (New Bloom 破土),"No. 110號, Bangka Blvd, Dingshuo Village, Wanhua District, Taipei City, Taiwan 108",4.7,44,,25.0331342,121.5025333,,,,,,,,,,,,,,,,https://maps.google.com/?cid=2202578715542529451,,,,艋舺大道,27.905520561633114,萬華,265.2461761902288
392,ChIJ0RxJ5hKpQjQRvKIaixgBk4I,CAMA CAFE Taipei Wanda Shop,"No. 250號, Wanda Rd, Quande Village, Wanhua District, Taipei City, Taiwan 108",4.7,149,,25.0261863,121.5003303,True,08:30:00,16:30:00,08:30:00,16:30:00,08:30:00,16:30:00,08:30:00,16:30:00,08:30:00,16:30:00,08:30:00,16:30:00,08:30:00,16:30:00,https://maps.google.com/?cid=9408865251431719612,,,,德昌街口,115.65126692585817,萬華,804.5377697731722
397,ChIJnxRYZ66pQjQRnGcHDW3tTq0,STARBUCKS Bangka Shop,"No. 24號, Lane 306, Section 1, Xiyuan Rd, Fufu Village, Wanhua District, Taipei City, Taiwan 108",4.5,4229,2.0,25.033525,121.4984501,True,07:30:00,21:30:00,07:00:00,21:30:00,07:00:00,21:30:00,07:00:00,21:30:00,07:00:00,21:30:00,07:00:00,21:30:00,07:30:00,21:30:00,https://maps.google.com/?cid=12488179869370771356,,,,大理服飾,59.485881728634865,萬華,149.31027119756575
398,ChIJ_RwGSkapQjQRP2pCJHb2CeE,九日咖啡（中華店）9Days Coffee,"No. 204號, Section 1, Zhonghua Rd, Rende Village, Wanhua District, Taipei City, Taiwan 108",4.4,307,,25.0379813,121.5066805,True,10:00:00,18:00:00,07:30:00,18:00:00,07:30:00,18:00:00,07:30:00,18:00:00,07:30:00,18:00:00,07:30:00,18:00:00,10:00:00,18:00:00,https://maps.google.com/?cid=16215762920599087679,,,,小南門,17.67305051510497,小南門,475.89943431899354
399,ChIJZYLB_9OpQjQROZS05nPzQBI,LOUISA COFFEE Wanhua Dongyuan Shop,"No. 106號, Dongyuan St, Baode Village, Wanhua District, Taipei City, Taiwan 108",3.4,461,,25.0243181,121.4971226,True,07:00:00,21:00:00,07:00:00,21:00:00,07:00:00,21:00:00,07:00:00,21:00:00,07:00:00,21:00:00,07:00:00,21:00:00,07:00:00,21:00:00,https://maps.google.com/?cid=1315318770309567545,,,,保德里,25.290451839434294,萬華,1049.3336472018964
400,ChIJc0dWY9erQjQR8RN1CdS7npE,樂野食,"108, Taiwan, Taipei City, Wanhua District, Wanshou Village, Section 2, Wuchang St, 37號5樓",4.6,4558,2.0,25.0446668,121.5077062,True,10:00:00,21:30:00,11:00:00,21:30:00,11:00:00,21:30:00,11:00:00,21:30:00,12:00:00,21:30:00,11:00:00,21:30:00,10:00:00,21:30:00,https://maps.google.com/?cid=10493030701185962993,yes,,,漢口中華路口,78.7094811335369,西門,234.80825636804482
401,ChIJQwFcm7upQjQRcvcMCO9yYew,沐湛咖啡-台北店,"No. 502號, Section 2, Zhonghua Rd, Lingxiao Village, Wanhua District, Taipei City, Taiwan 10881",4.3,73,,25.0260215,121.5074947,True,11:00:00,20:00:00,11:00:00,20:00:00,,,11:00:00,19:30:00,11:00:00,20:00:00,11:00:00,20:00:00,11:00:00,19:30:00,https://maps.google.com/?cid=17033021636649744242,,,,國興路口,94.91713575412476,萬華,1121.9208777341623
403,ChIJgaAO3a2pQjQRsNFIp34wAhY,Pa Fei Cafe,"No. 303, Bangka Blvd, Tangbu Village, Wanhua District, Taipei City, Taiwan 108",4.1,16,,25.0331545,121.4964669,True,,,10:00:00,21:00:00,10:00:00,21:00:00,10:00:00,21:00:00,10:00:00,21:00:00,,,,,https://maps.google.com/?cid=1585883339318415792,,,,時報大樓,12.612500578568765,萬華,350.591189218837
406,ChIJIV5dCLCpQjQRmqOq_DsdmGw,STARBUCKS Wanhua Xizang Shop,"No. 123號, Xizang Rd, Xinzhong Village, Wanhua District, Taipei City, Taiwan 108",4.2,1448,2.0,25.0295592,121.5025289,True,07:00:00,21:30:00,07:00:00,21:30:00,07:00:00,21:30:00,07:00:00,21:30:00,07:00:00,21:30:00,07:00:00,21:30:00,07:00:00,21:30:00,https://maps.google.com/?cid=7825036496035554202,,,,莒光新城,37.86094531611507,萬華,503.7584619292792
410,ChIJYcPDHNWpQjQRFAE3DXJFwyo,LOUISA COFFEE Wanhua Qingnian Park Shop,"108, Taiwan, Taipei City, Wanhua District, Xinhe Village, Qingnian Rd, 14號1樓",3.4,316,,25.0260761,121.5058585,True,07:00:00,20:00:00,07:00:00,20:00:00,07:00:00,20:00:00,07:00:00,20:00:00,07:00:00,20:00:00,07:00:00,20:00:00,07:00:00,20:00:00,https://maps.google.com/?cid=3081382926201848084,,,,青年公園(青年),16.98010227916716,萬華,1011.8333306276066
412,ChIJKzAIQqapQjQRWkQvagL2hJw,青商眼鏡·萬華驗光所,"108, Taiwan, Taipei City, Wanhua District, Fufu Village, Guangzhou St, 32號1F",4.9,60,,25.0363918,121.5044547,True,,,11:00:00,20:00:00,11:00:00,20:00:00,11:00:00,20:00:00,11:00:00,20:00:00,11:00:00,20:00:00,11:00:00,20:00:00,https://maps.google.com/?cid=11278409857074414682,,,,龍山國中,64.98180275969828,龍山寺,506.89467324145585
413,ChIJB_wial2pQjQRHZYJmy3ZKNo,職人丼深夜食堂 萬華店,"No. 12號, Lane 35 Dongyuan St., Rishan Village, Wanhua District, Taipei City, Taiwan 108",4.5,648,1.0,25.0273528,121.4961482,True,16:00:00,22:00:00,16:00:00,22:00:00,16:00:00,22:00:00,16:00:00,22:00:00,16:00:00,22:00:00,16:00:00,22:00:00,16:00:00,22:00:00,https://maps.google.com/?cid=15720053289234568733,,,,聚福宮,45.916234567704265,萬華,774.6495491114756
416,ChIJQZLWNLGpQjQRBycZaucDziY,萬華阿昌意麵,"No. 4號, Minhe St, Rishan Village, Wanhua District, Taipei City, Taiwan 108",4.2,807,1.0,25.0264064,121.5000946,True,17:00:00,20:00:00,17:00:00,20:00:00,17:00:00,20:00:00,17:00:00,20:00:00,,,17:00:00,20:00:00,17:00:00,20:00:00,https://maps.google.com/?cid=2796176711096018695,,,,德昌街口,142.1985639621799,萬華,779.3087028481864
417,ChIJL59JNa-pQjQR_1irgCehxX0,Enjoy 316 Cafe,"No. 316, Kangding Rd, Fumin Village, Wanhua District, Taipei City, Taiwan 108",3.9,25,,25.0358853,121.5012334,True,09:30:00,19:00:00,09:30:00,19:00:00,09:30:00,19:00:00,09:30:00,19:00:00,09:30:00,19:00:00,09:30:00,19:00:00,09:30:00,19:00:00,https://maps.google.com/?cid=9062827016187500799,,,,龍山寺(康定),11.890414417498116,龍山寺,179.52757710786562
418,ChIJr4xRKD-pQjQRva0zChmJdkY,咪嚕咕早午餐,"No. 15號, Lane 46, Dongyuan St, Zhongde Village, Wanhua District, Taipei City, Taiwan 108",4.7,53,,25.0266796,121.4954864,True,09:00:00,19:00:00,11:00:00,16:00:00,11:00:00,16:00:00,11:00:00,16:00:00,11:00:00,16:00:00,11:00:00,16:00:00,09:00:00,19:00:00,https://maps.google.com/?cid=5077396370545159613,,,,聚福宮,54.23642319245389,萬華,872.7042890281858
420,ChIJITim9NSrQjQR2NcesDQkfug,"Serene Day Cafe (無訂位、不限時咖啡廳、一人作業如不耐久候請勿嘗試、不定期店休請查看IG, FB))","No. 2號, Alley 2, Lane 192, Section 3, Xinglong Rd, Xingde Village, Wenshan District, Taipei City, Taiwan 116",4.6,255,2.0,24.9979863,121.5586584,True,08:00:00,17:00:00,08:00:00,17:00:00,,,,,08:00:00,17:00:00,08:00:00,17:00:00,08:00:00,17:00:00,https://maps.google.com/?cid=16752867472576534488,,,yes,臺灣警察專科學校,33.58889211086414,萬芳醫院,168.39383705301083
421,ChIJrfpxNCyrQjQR8vXq80fN1Y8,CBC SPACE 景美咖啡圖書館 Cafe Boven Co-working,"No. 193號, Jingxing Rd, 文山區 Wenshan District, Taipei City, Taiwan 116",4.5,536,2.0,24.9923871,121.5442589,True,08:00:00,18:00:00,10:00:00,18:00:00,10:00:00,18:00:00,10:00:00,18:00:00,10:00:00,18:00:00,10:00:00,18:00:00,08:00:00,18:00:00,https://maps.google.com/?cid=10364415826381698546,yes,,yes,景美國中,159.34874922672432,景美,353.31416806133797
422,ChIJS0cHdHarQjQRTLl8SE5k1uE,秘徑咖啡Alley's cafe,"No. 3號, Alley 9, Lane 218, Section 5, Roosevelt Rd, Wanlong Village, Wenshan District, Taipei City, Taiwan 116",4.3,499,,25.0016877,121.5384752,True,11:00:00,21:00:00,11:00:00,21:00:00,11:00:00,21:00:00,11:00:00,21:00:00,11:00:00,21:00:00,11:00:00,21:00:00,11:00:00,21:00:00,https://maps.google.com/?cid=16273304590936226124,,,yes,捷運萬隆站,41.12147383332413,萬隆,57.53054177214422
423,ChIJ9UD9iWurQjQRc0YtWMfYTi8,CINDY 珈琲,"No. 92之1號, Jiukang St, Muzha Village, Wenshan District, Taipei City, Taiwan 116",4.9,66,,24.9904946,121.5672398,True,10:00:00,18:30:00,11:00:00,19:00:00,,,11:00:00,19:00:00,11:00:00,19:00:00,11:00:00,19:00:00,10:00:00,18:30:00,https://maps.google.com/?cid=3408900318655497843,,,yes,華夏六村,81.97397774073852,萬芳社區,903.251335932295
424,ChIJYcxTMAuqQjQR3bv9q3Fsphs,Rebirth cafe心，聚點,"No. 62號, Section 2, Muzha Rd, Mingyi Village, Wenshan District, Taipei City, Taiwan 116",4.8,160,,24.9886177,121.5592328,True,,,10:30:00,19:30:00,10:30:00,19:30:00,10:30:00,19:30:00,10:30:00,19:30:00,10:30:00,19:30:00,,,https://maps.google.com/?cid=1992399120630660061,,,,再興中學,15.403676125171208,萬芳醫院,1202.8637763803965
425,ChIJRbRJ-AOqQjQRjsr8b1s32bw,Rain Sound Coffee,"No. 28號, Jinghua St, Jinghua Village, Wenshan District, Taipei City, Taiwan 116",4.5,538,2.0,24.9949358,121.5426097,True,09:30:00,20:00:00,09:30:00,20:00:00,,,12:00:00,20:00:00,09:30:00,20:00:00,09:30:00,20:00:00,09:30:00,20:00:00,https://maps.google.com/?cid=13607968614937053838,yes,,yes,財政園區,138.19430239630924,景美,282.28584182879945
426,ChIJEV853OYBaDQRBKEWFllq3K8,Cafe Waiting Love,"No. 1號, Ln 44, Yishou St, Zhangxin Village, Wenshan District, Taipei City, Taiwan 116",4.5,2705,2.0,24.9792896,121.556616,True,10:00:00,20:00:00,11:00:00,19:00:00,11:00:00,19:00:00,11:00:00,19:00:00,11:00:00,19:00:00,11:00:00,20:00:00,10:00:00,20:00:00,https://maps.google.com/?cid=12672120382368948484,,,,景美女中,145.7371636248505,景美,2200.5854811144472
427,ChIJhU7fFACrQjQRTdCxctYPSuc,DoDo Cafe 豆荳先生,"116, Taiwan, Taipei City, Wenshan District, Muzha Village, Alley 1, Lane 48, Section 3, Muzha Rd, 2號1樓",4.8,142,,24.9879696,121.565359,True,09:30:00,19:00:00,09:30:00,19:00:00,09:30:00,19:00:00,09:30:00,19:00:00,09:30:00,19:00:00,09:30:00,19:00:00,09:30:00,19:00:00,https://maps.google.com/?cid=16666150784759615565,,,,木柵,126.33609056929052,萬芳社區,1211.119130800994
429,ChIJOVErIr0CaDQR20wOUZl40b8,Portafiltro Coffee。撥啡,"No. 290號, Section 3, Xinglong Rd, Xingde Village, Wenshan District, Taipei City, Taiwan 116",4.8,236,1.0,24.9956412,121.5596705,True,08:00:00,17:00:00,08:00:00,17:00:00,,,08:00:00,17:00:00,08:00:00,17:00:00,08:00:00,17:00:00,08:00:00,18:00:00,https://maps.google.com/?cid=13821961331261983963,,,,文山運動中心(興隆),72.28699450210327,萬芳醫院,447.3651477784426
430,ChIJrb5g_aqrQjQR6DHPmDxmPdc,愛你咖啡,"116, Taiwan, Taipei City, Wenshan District, Shunxing Village, Baoyi Rd, 129號之1",4.9,45,,24.9848271,121.5672655,True,12:00:00,18:00:00,10:00:00,19:00:00,10:00:00,19:00:00,10:00:00,19:00:00,10:00:00,19:00:00,10:00:00,19:00:00,10:00:00,19:00:00,https://maps.google.com/?cid=15509665102181642728,,,,景文中學(臺灣戲曲學院),34.65279835345323,萬芳社區,1529.0983515665996
431,ChIJYxbEViCrQjQRSFR6Yu0P02c,紅窗咖啡（Red Window Coffee）,"No. 6號, Section 3, Zhinan Rd, 文山區 Wenshan District, Taipei City, Taiwan 116",4.9,341,,24.98519,121.5798858,True,11:00:00,19:00:00,11:00:00,19:00:00,11:00:00,19:00:00,,,11:00:00,19:00:00,11:00:00,19:00:00,11:00:00,19:00:00,https://maps.google.com/?cid=7481340918226375752,,,,北政國中,30.901000967108686,動物園,1454.7641080795254
432,ChIJk1Fua2KrQjQRkqjky43F3CQ,Thumbs up cafe 讚👍咖啡,"No. 167之2號, Jinghua St, Xingfu Village, Wenshan District, Taipei City, Taiwan 116",4.9,64,,24.9975667,121.5477853,True,,,10:00:00,18:00:00,,,10:00:00,18:00:00,10:00:00,18:00:00,10:00:00,18:00:00,10:00:00,18:00:00,https://maps.google.com/?cid=2656215093043570834,,,,景華街,13.375016143032262,景美,867.6721904252356
439,ChIJ_RA6XQGqQjQRRwNNst0r6F4,Tenshima 天島咖啡,"No. 311號, Section 6, Roosevelt Rd, Jinghua Village, Wenshan District, Taipei City, Taiwan 116",4.4,577,2.0,24.9940566,121.5413908,True,,,10:30:00,17:30:00,10:30:00,17:30:00,10:30:00,17:30:00,10:30:00,17:30:00,10:30:00,17:30:00,10:30:00,17:30:00,https://maps.google.com/?cid=6838764265341256519,,,,捷運景美站,86.08339453537957,景美,132.658829045192
440,ChIJXeRhIwCrQjQRxkfFUoaIolc,Ruins Coffee Roasters Hucun Shop,"No. 36號 萬壽路政大里, 文山區臺北市 Taiwan 116",4.3,243,,24.9882482,121.5789989,True,10:00:00,18:00:00,10:00:00,18:00:00,10:00:00,18:00:00,10:00:00,18:00:00,10:00:00,18:00:00,10:00:00,18:00:00,10:00:00,18:00:00,https://maps.google.com/?cid=6314759738022512582,,,,指南山莊,92.0990321843617,動物園,1116.247214665356
443,ChIJ3x9ADACrQjQRuoOTrAP6me4,milu米璐自家烘焙咖啡坊,"No. 251號, Muzha Road, Section 1, Huaxing Village, Wenshan District, Taipei City, Taiwan 116",5.0,38,,24.9880856,121.55283,True,10:00:00,20:30:00,10:00:00,20:30:00,10:00:00,20:30:00,10:00:00,20:30:00,,,10:00:00,20:30:00,10:00:00,20:30:00,https://maps.google.com/?cid=17193047946150773690,,,,溝子口(幸福華興),76.95813018829985,景美,1328.1255874411456
447,ChIJtf__NBKqQjQRBPIRUkTmskc,DreamGo Bar咖啡廳,"116, Taiwan, Taipei City, Wenshan District, Xingde Village, Section 3, Xinglong Rd, 56號崇德樓一樓",4.7,53,,24.99843,121.5546238,True,09:00:00,18:30:00,09:00:00,18:30:00,09:00:00,18:30:00,09:00:00,18:30:00,09:00:00,18:30:00,09:00:00,18:30:00,,,https://maps.google.com/?cid=5166444903656452612,yes,,yes,懷恩隧道,130.06049214862213,萬芳醫院,371.67371241658225
449,ChIJsXueGZ-rQjQRZmOEnd0ukqE,云朵咖啡 Windows Cafe,"52號 No, No. 52號興隆路四段105巷明義里文山區臺北市 Taiwan 116",4.6,37,,24.987369,121.562222,True,,,09:00:00,18:00:00,09:00:00,18:00:00,09:00:00,18:00:00,09:00:00,18:00:00,09:00:00,18:00:00,,,https://maps.google.com/?cid=11642419516071502694,,,,木柵公園,141.77154637483596,萬芳社區,1380.2427678170889
450,ChIJOdr16XuqQjQR9DtwP0olppQ,Apt. Café,"2樓, No. 56號, Section 2, Zhinan Rd, Wanxing Village, Wenshan District, Taipei City, Taiwan 116",4.3,671,2.0,24.9876541,121.5754547,True,11:00:00,20:00:00,11:00:00,20:00:00,11:00:00,20:00:00,11:00:00,20:00:00,11:00:00,20:00:00,11:00:00,20:00:00,11:00:00,20:00:00,https://maps.google.com/?cid=10711289764569431028,yes,,yes,政大一,60.96035962395659,木柵,1195.4690709295335
451,ChIJY-V3qN8BaDQRaFa8S-RYLXA,舒咖啡Carefree Coffee,"No. 142號, Section 3, Muxin Rd, Zhangjiao Village, Wenshan District, Taipei City, Taiwan 116",4.4,136,,24.9820774,121.5615497,True,09:30:00,17:30:00,10:30:00,17:30:00,10:30:00,17:30:00,10:30:00,17:30:00,10:30:00,17:30:00,,,09:30:00,17:30:00,https://maps.google.com/?cid=8083214643746330216,,,yes,國泰新村(木新),24.350734335789223,萬芳社區,1947.764293130419
453,ChIJpbe_xEirQjQRbrGqQygQF1w,昇咖啡｜會議包廂・空間租借（包廂預約制）,"No. 14號, Lane 102, Section 3, Muzha Rd, Zhongshun Village, Wenshan District, Taipei City, Taiwan 116",4.2,127,,24.98665,121.5677961,True,10:00:00,17:00:00,10:00:00,19:00:00,10:00:00,19:00:00,10:00:00,19:00:00,10:00:00,19:00:00,10:00:00,19:00:00,10:00:00,17:00:00,https://maps.google.com/?cid=6635790341073711470,,,,景文中學(臺灣戲曲學院),110.10574414042311,萬芳社區,1325.1305802675818
455,ChIJD8tvFXeqQjQRiK_MEg9hDX8,Coffee Roaster Gino,"116, Taiwan, Taipei City, Wenshan District, Muxin Village, Baoyi Rd, 77巷5號",4.8,50,,24.9869013,121.5688763,True,10:00:00,20:00:00,10:00:00,20:00:00,10:00:00,20:00:00,,,10:00:00,20:00:00,10:00:00,20:00:00,10:00:00,20:00:00,https://maps.google.com/?cid=9155080334881894280,,,,永安街,16.1363879288875,萬芳社區,1299.1136473424947
456,ChIJiRDpRsurQjQRcHk6v2b4YPM,徙巷小餐酒x徙巷早午餐,"No. 12號, Lane 49, Section 3, Muzha Rd, Muzha Village, Wenshan District, Taipei City, Taiwan 116",4.5,687,2.0,24.9890729,121.566124,True,17:00:00,00:30:00,17:00:00,00:30:00,17:00:00,00:30:00,17:00:00,00:30:00,17:00:00,00:30:00,17:00:00,01:30:00,17:00:00,01:30:00,https://maps.google.com/?cid=17537290069159344496,,,,木柵,59.52667959684285,萬芳社區,1075.4266243835457
460,ChIJ01BimRqqQjQRZ5zTyTCXskk,聯禾咖啡,"No. 129號, Section 2, Xinglong Rd, Xingbang Village, Wenshan District, Taipei City, Taiwan 116",4.1,353,2.0,25.000054,121.54794,True,08:30:00,21:00:00,08:30:00,17:00:00,08:30:00,18:00:00,08:30:00,18:00:00,08:30:00,18:00:00,08:30:00,21:00:00,08:30:00,21:00:00,https://maps.google.com/?cid=5310473146423549031,yes,,yes,興隆市場,43.60080499364496,萬隆,925.7522409203018
461,ChIJJaMfahOrQjQR5zi4em9Pd0Q,A.B.D. Coffee & Life,"No. 1 號, Lane 3, Linsen S Rd, Xingfu Village, Zhongzheng District, Taipei City, Taiwan 100",4.7,312,2.0,25.0443429,121.523632,True,10:00:00,17:00:00,08:30:00,17:00:00,08:30:00,17:00:00,08:30:00,17:00:00,08:30:00,17:00:00,08:30:00,17:00:00,10:00:00,17:00:00,https://maps.google.com/?cid=4933499257026525415,,,,捷運善導寺站,109.19535828177844,善導寺,50.99806834194041
463,ChIJaQuJBvyrQjQRlQ4o-EPD4Rs,Cornerstone角石早午餐,"No. 58號, Section 2, Muzha Rd, 文山區 Wenshan District, Taipei City, Taiwan 116",4.6,235,,24.9886449,121.5591656,True,07:00:00,13:30:00,07:00:00,14:30:00,07:00:00,14:30:00,07:00:00,14:30:00,07:00:00,14:30:00,07:00:00,14:30:00,07:00:00,13:30:00,https://maps.google.com/?cid=2009101605477551765,yes,,yes,再興中學,21.774168966248915,萬芳醫院,1199.2576373857644
464,ChIJLVmukzYBaDQRKlqz57uGSIE,山的另一邊,"116, Taiwan, Taipei City, Wenshan District, Shunxing Village, Section 2, Muxin Rd, 264號1樓",4.2,1359,2.0,24.983148,121.5660305,True,06:00:00,14:00:00,06:00:00,14:00:00,06:00:00,14:00:00,,,06:00:00,14:00:00,06:00:00,14:00:00,06:00:00,14:00:00,https://maps.google.com/?cid=9315843970820168234,,,,司法新村,51.622967406017494,萬芳社區,1725.6212767020388
465,ChIJuxRStBKqQjQRiY6syO1DebE,ikari Wenshan Shop,"No. 222號, Section 3, Xinglong Rd, Xingde Village, Wenshan District, Taipei City, Taiwan 116",4.1,303,2.0,24.9969391,121.559373,True,07:00:00,21:00:00,07:00:00,21:00:00,07:00:00,21:00:00,07:00:00,21:00:00,07:00:00,21:00:00,07:00:00,21:00:00,07:00:00,21:00:00,https://maps.google.com/?cid=12788327305448296073,,,,臺灣警察專科學校,82.18034889346116,萬芳醫院,302.84435463797035
469,ChIJo3JTWHaqQjQRAj_VYFqIwiw,TDH 貓茶町下午茶,"No. 117號, Baoyi Rd, Muxin Village, Wenshan District, Taipei City, Taiwan 11650",4.0,494,2.0,24.985665,121.567605,True,10:30:00,19:30:00,10:30:00,19:30:00,10:30:00,19:30:00,10:30:00,19:30:00,10:30:00,19:30:00,10:30:00,19:30:00,10:30:00,19:30:00,https://maps.google.com/?cid=3225290204903718658,,,,景文中學(臺灣戲曲學院),19.15947948582957,萬芳社區,1434.78353129851
470,ChIJJSHJZ8SrQjQRS1zw3uSez6A,嘎逼。ㄉㄟˊ,"No. 58號, Shiyuan Rd, Huaxing Village, Wenshan District, Taipei City, Taiwan 11642",4.0,8,,24.989578,121.5493341,True,,,08:00:00,18:00:00,08:00:00,18:00:00,08:00:00,18:00:00,08:00:00,18:00:00,08:00:00,18:00:00,,,https://maps.google.com/?cid=11587655072077601867,,,,考試院,245.49039870413452,景美,938.4700252558395
473,ChIJw4NHs3aqQjQRmDw4jd8KgcE,Louisa Coffee 路易莎咖啡(木柵直營店),"No. 63號, Section 3, Muzha Rd, Muzha Village, Wenshan District, Taipei City, Taiwan 116",3.7,837,1.0,24.9886989,121.5666199,True,07:00:00,21:00:00,07:00:00,21:00:00,07:00:00,21:00:00,07:00:00,21:00:00,07:00:00,21:00:00,07:00:00,21:00:00,07:00:00,21:00:00,https://maps.google.com/?cid=13943437876579024024,,,,木柵,17.240789636774842,萬芳社區,1108.191312069823
474,ChIJV5QXpeirQjQRaNH2IW20PzE,72度C舒肥健康餐/水煮餐 文山木柵店,"No. 331-1號, Muzha Road, Section 1, Huaxing Village, Wenshan District, Taipei City, Taiwan 116",4.7,595,1.0,24.9886624,121.556839,True,16:00:00,20:30:00,16:00:00,20:30:00,16:00:00,20:30:00,16:00:00,20:30:00,16:00:00,20:30:00,16:00:00,20:30:00,16:00:00,20:30:00,https://maps.google.com/?cid=3548753412205498728,,,,中興公寓,58.06198438661096,萬芳醫院,1200.0108573270095
475,ChIJl0yy0omrQjQRHcnU_H0rbLQ,ikari Taipei Zoo Shop,"No. 30號, Section 2, Xinguang Rd, Wanxing Village, Wenshan District, Taipei City, Taiwan 116016",4.1,68,2.0,24.9960371,121.5832457,True,09:00:00,17:00:00,09:00:00,17:00:00,09:00:00,17:00:00,09:00:00,17:00:00,09:00:00,17:00:00,09:00:00,17:00:00,09:00:00,17:00:00,https://maps.google.com/?cid=13000814044424489245,,,,列車總站,218.58378830660578,動物園,459.0989345080665
478,ChIJFfsUzEOrQjQRYH8Y3hx9aNU,dayBee覓蜂食光,"No. 7號, Section 2, Zhongshun St, Zhongshun Village, Wenshan District, Taipei City, Taiwan 116",4.3,360,2.0,24.9847154,121.5623134,True,07:30:00,14:30:00,07:30:00,14:30:00,07:30:00,14:30:00,07:30:00,14:30:00,,,07:30:00,14:30:00,07:30:00,14:30:00,https://maps.google.com/?cid=15377678490595262304,,,,忠順街口,61.23573439892787,萬芳社區,1646.9803256294592
479,ChIJzw0SIDQBaDQRoVAinuv2Sqw,狂魔炒飯x餓鬼糧倉-文山店,"No. 116號, Section 4, Xinglong Rd, Shunxing Village, Wenshan District, Taipei City, Taiwan 116",4.6,1578,1.0,24.9829234,121.5620652,True,11:00:00,20:00:00,11:00:00,20:00:00,11:00:00,20:00:00,,,11:00:00,20:00:00,11:00:00,20:00:00,11:00:00,20:00:00,https://maps.google.com/?cid=12415006814630989985,,,,國泰新村(興隆),28.782827057611645,萬芳社區,1842.0039448364175
480,ChIJzU6FXISrQjQR0LAVW-dpkH4,田野咖啡 TIAN YE COFFEE,"115, Taiwan, Taipei City, Nangang District, Dongming Village, Lane 178, Section 2, Nangang Rd, 26號1樓",4.8,281,,25.0544921,121.600286,True,10:00:00,17:00:00,10:00:00,17:00:00,10:00:00,17:00:00,10:00:00,17:00:00,10:00:00,17:00:00,10:00:00,17:00:00,10:00:00,18:00:00,https://maps.google.com/?cid=9119905687811764432,,,,南港路二段178巷口,127.70977655939453,南港,720.8710075009043
481,ChIJlyVyQwCrQjQRMFIvgBDaknU,PAUSE Coffee Roaster,"115, Taiwan, Taipei City, Nangang District, Xinfu Village, Section 1, Nangang Rd, 73號1樓",4.6,107,,25.0550265,121.615641,True,10:30:00,19:00:00,10:30:00,19:00:00,,,10:30:00,19:00:00,10:30:00,19:00:00,10:30:00,19:00:00,10:30:00,19:00:00,https://maps.google.com/?cid=8472073613442241072,yes,,yes,南港展覽館,30.270486940434115,南港展覽館,167.09947560035414
482,ChIJ-ytmryetQjQRT-jLNPzoTXs,Café Kitsuné LaLaport 南港,"115, Taiwan, Taipei City, Nangang District, Huanhe Village, Jingmao 2nd Rd, 131號1樓",4.6,380,,25.0592558,121.618031,True,11:00:00,21:30:00,11:00:00,21:30:00,11:00:00,21:30:00,11:00:00,21:30:00,11:00:00,21:30:00,11:00:00,22:00:00,11:00:00,22:00:00,https://maps.google.com/?cid=8885013809787037775,,,,環東大道口,139.9231059766639,南港軟體園區,228.4965586169071
483,ChIJeaEzcFmtQjQRwt4k3fE2mng,Coppii Lumii living coffee 冉冉生活(經貿),"No. 196-1號, Jingmao 2nd Rd, Sanzhong Village, Nangang District, Taipei City, Taiwan 115",4.3,3179,2.0,25.0598291,121.6147732,True,09:00:00,19:30:00,09:00:00,19:30:00,09:00:00,19:30:00,09:00:00,19:30:00,09:00:00,19:30:00,09:00:00,19:30:00,09:00:00,19:30:00,https://maps.google.com/?cid=8690318843389992642,,yes,,南港軟體園區北站,46.68917082560405,南港軟體園區,114.11714220815315
484,ChIJNQSfA5yrQjQRbuv0OxuxPOQ,Logos Coffee手沖咖啡專門店-無訂位,"115, Taiwan, Taipei City, Nangang District, Xinfu Village, Section 1, Yanjiuyuan Rd, 2號1F",4.6,497,1.0,25.0548179,121.616408,True,09:00:00,18:00:00,07:30:00,19:00:00,07:30:00,19:00:00,07:30:00,19:00:00,07:30:00,19:00:00,07:30:00,19:00:00,09:00:00,18:00:00,https://maps.google.com/?cid=16446214669778348910,,,,南港展覽館,2.007081974654599,南港展覽館,86.35518163593412
485,ChIJf50NbS6rQjQRA1tq004DNZs,Ran Ran Café,"No. 5號, Lane 28, Xingzhong Rd, Nangang Village, Nangang District, Taipei City, Taiwan 11579",4.6,549,,25.0555935,121.6070067,True,10:00:00,18:00:00,11:00:00,19:00:00,11:00:00,19:00:00,11:00:00,19:00:00,11:00:00,19:00:00,11:00:00,19:00:00,10:00:00,18:00:00,https://maps.google.com/?cid=11183848886733789955,,,yes,南港行政中心,129.7687718085078,南港,259.10123691928567
486,ChIJdxkzd7urQjQRSKq8djHCugw,Greenriver Roastery．Archive,"No. 121號, Zhongnan St, Zhongnan Village, Nangang District, Taipei City, Taiwan 115",4.2,188,,25.0521359,121.615332,True,10:00:00,19:00:00,10:00:00,18:00:00,10:00:00,18:00:00,10:00:00,18:00:00,10:00:00,18:00:00,10:00:00,18:00:00,10:00:00,19:00:00,https://maps.google.com/?cid=917258991824579144,,,,誠正國中,81.62940895267862,南港展覽館,329.96557681716644
487,ChIJ-0zyVgCrQjQR5APQJHYwdlM,南港站禮賓候車室,"No. 313號, Section 1, Nangang Rd, Nangang Village, Nangang District, Taipei City, Taiwan 115",4.7,41,,25.0535448,121.6070495,True,09:00:00,18:00:00,09:00:00,18:00:00,09:00:00,18:00:00,09:00:00,18:00:00,09:00:00,18:00:00,09:00:00,18:00:00,09:00:00,18:00:00,https://maps.google.com/?cid=6014047636381762532,yes,,yes,南港車站,21.094517909430312,南港,39.74625848053369
489,ChIJHUTpSPyrQjQRmW7FqwLszd4,叄石咖啡,"No. 15號, Lane 60, Section 2, Nangang Rd, 南港區 Nangang District, Taipei City, Taiwan 115",4.8,106,,25.054668,121.604269,True,,,08:30:00,17:00:00,09:30:00,17:00:00,09:30:00,17:00:00,08:30:00,17:00:00,08:30:00,17:00:00,,,https://maps.google.com/?cid=16054747742861618841,,,,台肥新村,89.77456049041565,南港,343.0736183154605
490,ChIJ-Rw09_-rQjQRsCbDzQlbREU,EbPc Cafe,"115, Taiwan, Taipei City, Nangang District, 南港區 Fukang St, 30號1樓",4.7,105,,25.0537927,121.617113,,,,,,,,,,,,,,,,https://maps.google.com/?cid=4991214384698304176,,,yes,南港展覽館,133.707437335447,南港展覽館,86.62203477580476
491,ChIJ6ZLHHYmrQjQRKeVAlEcW3Jk,BACKMOUNT. Coffee & Food,"No. 23號, Lane 373, Fude St, Renfu Village, Nangang District, Taipei City, Taiwan 115",4.3,753,2.0,25.039684,121.591435,True,09:30:00,18:00:00,09:30:00,17:00:00,,,09:30:00,17:00:00,09:30:00,17:00:00,09:30:00,17:00:00,09:30:00,18:00:00,https://maps.google.com/?cid=11086760879365088553,yes,,yes,南港花園社區二,29.36294597845242,後山埤,1076.8058582301678
492,ChIJCW4NM-arQjQRjXDUDfKotew,宇啡商行Real cafė（準確營業時間請關注ig及臉書唷～感謝各位）,"No. 43號, Section 1, Nangang Rd, 南港區 Nangang District, Taipei City, Taiwan 115",4.5,378,1.0,25.055062,121.6163842,True,,,07:30:00,16:00:00,07:30:00,16:00:00,07:30:00,16:00:00,07:30:00,16:00:00,07:30:00,16:00:00,09:00:00,15:00:00,https://maps.google.com/?cid=17056724921303199885,,,,南港展覽館,26.594844351976683,南港展覽館,100.39917492364258
493,ChIJy2e423etQjQRtjb-CSLuXDQ,咖啡醍cafete-南港園區街店｜評鑑級專業手沖咖啡・Loring頂規烘焙,"No. 6-1號, Yuanqu St, Sanzhong Village, Nangang District, Taipei City, Taiwan 115",5.0,122,,25.0591556,121.6135669,True,10:00:00,18:00:00,11:00:00,18:00:00,11:00:00,18:00:00,11:00:00,18:00:00,11:00:00,18:00:00,11:00:00,18:00:00,10:00:00,18:00:00,https://maps.google.com/?cid=3773152417793586870,,,,南港軟體園區北站,63.071540799660276,南港軟體園區,250.86692161594448
494,ChIJQwHfZgCrQjQRNHvm0sq96gk,SCOOP LAB. | Coffee & Desserts 早午餐/下午茶/不限時咖啡廳/蛋糕,"No. 55號, Section 1, Nangang Rd, Xinfu Village, Nangang District, Taipei City, Taiwan 115",4.0,179,,25.055014,121.6160602,True,10:30:00,18:30:00,10:30:00,18:30:00,10:30:00,18:30:00,10:30:00,18:30:00,10:30:00,18:30:00,10:30:00,18:30:00,10:30:00,18:30:00,https://maps.google.com/?cid=714592169711008564,,,yes,南港展覽館,42.46164760062925,南港展覽館,126.89855972240424
495,ChIJn-m0V3qrQjQR-O8CeS4igvM,嘖咖啡（休假日請看公告！）（禁止寵物入內！）,"No. 135號, Section 2, Nangang Rd, 南港區 Nangang District, Taipei City, Taiwan 115",4.6,350,,25.0541632,121.5962614,,,,,,,,,,,,,,,,https://maps.google.com/?cid=17546624681182949368,,,yes,土地公廟,14.744479532724556,昆陽,503.90357445227886
496,ChIJE0eocUStQjQRZVcaEwxYNow,根本在旅行-中信南港店,"11568, Taiwan, Taipei City, Nangang District, Sanzhong Village, Jingmao 2nd Rd, 188號B棟1樓",4.8,154,,25.0594371,121.6152121,True,08:30:00,19:00:00,07:30:00,19:00:00,07:30:00,19:00:00,07:30:00,19:00:00,07:30:00,19:00:00,07:30:00,19:00:00,08:30:00,19:00:00,https://maps.google.com/?cid=10103359622935631717,,,,捷運南港軟體園區站,50.740480860102366,南港軟體園區,89.1617258233303
497,ChIJG_FhawCtQjQRhDsdyA_Pj3g,SIMPLE KAFFA 興波咖啡超級棧・南港展覽館,"115, Taiwan, Taipei City, Nangang District, Sanzhong Village, Jingmao 2nd Rd, 1號1樓",3.9,158,,25.0568352,121.6172791,True,10:00:00,18:00:00,08:00:00,18:00:00,08:00:00,18:00:00,08:00:00,18:00:00,08:00:00,18:00:00,08:00:00,18:00:00,10:00:00,18:00:00,https://maps.google.com/?cid=8687389872909794180,,,,捷運南港展覽館站(經貿二),67.8363614613582,南港展覽館,179.45169166499628
498,ChIJeewawLWrQjQRndmzbVEaSDI,GMS coffee,"No. 2號, Alley 18, Lane 16, Section 3, Nangang Rd, Xixin Village, Nangang District, Taipei City, Taiwan 115",4.4,140,,25.0551543,121.5924828,True,11:00:00,19:00:00,11:00:00,18:00:00,11:00:00,18:00:00,11:00:00,18:00:00,11:00:00,18:00:00,11:00:00,19:00:00,11:00:00,19:00:00,https://maps.google.com/?cid=3623174837254740381,,,,玉成國小,86.39630496496764,昆陽,523.5118621769869
499,ChIJNcxORXSrQjQRMt_60Q6swa0,UU Chinchilla Cafe,"115, Taiwan, Taipei City, Nangang District, 南港區 Section 1, Yanjiuyuan Rd, 29號2樓",4.9,5464,,25.0538245,121.6165686,,,,,,,,,,,,,,,,https://maps.google.com/?cid=12520477618719088434,,,,南港展覽館,111.75537042921312,南港展覽館,105.36528607824185
500,ChIJr99VEp6rQjQRnl0xZf_paLs,For All Coffee,"No. 1, No. 115玉成街52巷南港區臺北市 Taiwan 115",4.6,374,1.0,25.0481266,121.5814968,True,08:00:00,18:00:00,08:00:00,18:00:00,08:00:00,18:00:00,08:00:00,18:00:00,08:00:00,18:00:00,08:00:00,18:00:00,08:00:00,18:00:00,https://maps.google.com/?cid=13504300765794098590,,,yes,五分埔商圈(中坡北),127.28087980520154,松山,355.0269795179582
501,ChIJZZDB3LarQjQR9DWNg1hret0,HWC 黑沃咖啡｜台北南港店,"No. 152-3號, Section 1, Nangang Rd, Nangang Village, Nangang District, Taipei City, Taiwan 115",4.6,190,2.0,25.0557893,121.612215,True,,,07:30:00,17:00:00,07:30:00,17:00:00,07:30:00,17:00:00,07:30:00,17:00:00,07:30:00,17:00:00,10:00:00,17:00:00,https://maps.google.com/?cid=15959186257449137652,,,yes,南港,138.44567274551375,南港展覽館,522.7086767186767
502,ChIJD4NHunypQjQRCV8Nih_kzYk,腦咖 Caffe Brain,"No. 58號, Kunyang St, Xixin Village, Nangang District, Taipei City, Taiwan 115",4.8,219,,25.0525875,121.5927818,True,,,07:00:00,15:00:00,07:00:00,15:00:00,07:00:00,15:00:00,07:00:00,15:00:00,07:00:00,15:00:00,07:30:00,13:30:00,https://maps.google.com/?cid=9929843577533062921,,,,玉成國小,180.52806866741383,昆陽,238.55346405625392
503,ChIJz5B9zOerQjQRSMYopOzQG5Q,黝皓嘎逼咖啡有好咖啡,"9號, Lane 137, Section 1, Nangang Rd, Nangang Village, Nangang District, Taipei City, Taiwan 115",4.8,73,,25.0546048,121.6138662,True,07:30:00,19:00:00,07:30:00,19:00:00,07:30:00,19:00:00,07:30:00,19:00:00,07:30:00,19:00:00,07:30:00,19:00:00,07:30:00,19:00:00,https://maps.google.com/?cid=10672353456769517128,,,,南港,71.79861191676375,南港展覽館,338.3293138130982
504,ChIJ79tUkZGrQjQR6YcUzzwlTGo,SINICA COFFEE,"No. 11號, Lane 98, Section 2, Academia Rd, Zhongyan Village, Nangang District, Taipei City, Taiwan 115",4.8,166,,25.0441148,121.6154345,True,,,08:30:00,16:30:00,08:30:00,16:30:00,08:30:00,16:30:00,08:30:00,16:30:00,08:30:00,16:30:00,,,https://maps.google.com/?cid=7659538009352865769,,,,中研新村,78.06902405806782,南港展覽館,1171.932035009974
505,ChIJmTG6816rQjQROj9fjiCafjY,Neverland LITE,"No. 265號, Section 1, Nangang Rd, Nangang Village, Nangang District, Taipei City, Taiwan 115",4.3,1514,2.0,25.0544859,121.6087657,True,10:30:00,20:30:00,10:30:00,20:30:00,10:30:00,20:30:00,10:30:00,20:30:00,10:30:00,20:30:00,10:30:00,20:30:00,10:30:00,20:30:00,https://maps.google.com/?cid=3926745389731888954,,,,南港高工(南港路),62.594702264384544,南港,199.8140958781925
506,ChIJP_fPOACtQjQRgEsA-DOSwUA,武蔵野森珈琲Diner LaLaport南港店,"115, Taiwan, Taipei City, Nangang District, Huanhe Village, Jingmao 2nd Rd, 131號4 樓",3.9,611,,25.0593449,121.6175825,True,11:00:00,21:30:00,11:00:00,21:30:00,11:00:00,21:30:00,11:00:00,21:30:00,11:00:00,21:30:00,11:00:00,22:00:00,11:00:00,22:00:00,https://maps.google.com/?cid=4666171440834300800,yes,yes,,捷運南港軟體園區站,139.919025696796,南港軟體園區,182.64092260099486
507,ChIJ1ZAwuFqrQjQREgLj6Squj9U,Books & Café,"7之8號, Section 2, Academia Rd, Zhongyan Village, Nangang District, Taipei City, Taiwan 11564",4.6,467,1.0,25.046865,121.615528,True,08:30:00,14:00:00,07:30:00,17:00:00,07:30:00,17:00:00,07:30:00,17:00:00,07:30:00,17:00:00,07:30:00,17:00:00,,,https://maps.google.com/?cid=15388709951084102162,,,,圓拱橋,22.313469866953813,南港展覽館,870.257681631474
509,ChIJUxPy4hOrQjQRmgTl7nAtXeo,coffee home,"No. 3號, Lane 16, Section 3, Nangang Rd, Xixin Village, Nangang District, Taipei City, Taiwan 11577",4.6,15,,25.0550858,121.59225,True,,,10:00:00,19:00:00,10:00:00,19:00:00,10:00:00,19:00:00,10:00:00,19:00:00,10:00:00,19:00:00,,,https://maps.google.com/?cid=16887704140776801434,yes,,yes,玉成國小,84.89570176391491,昆陽,520.3680991389143
510,ChIJMwFV7tqrQjQRO9pYszXMM7A,SHARE LOUNGE 南港店,"115, Taiwan, Taipei City, Nangang District, Zhongnan Village, Section 7, Zhongxiao E Rd, 369號2樓",4.1,167,,25.0528812,121.6072006,True,08:30:00,21:30:00,08:30:00,21:30:00,08:30:00,21:30:00,08:30:00,21:30:00,08:30:00,21:30:00,08:30:00,22:00:00,08:30:00,22:00:00,https://maps.google.com/?cid=12696716305501837883,,,yes,南港車站,32.843859865149476,南港,5.918619178147489
511,ChIJ6wKqGACtQjQRPdeHOLpFBXY,Snow Peak Cafe,"115, Taiwan, Taipei City, Nangang District, Huanhe Village, Jingmao 2nd Rd, 131號3樓",4.2,62,,25.0592558,121.618031,True,11:00:00,21:30:00,11:00:00,21:30:00,11:00:00,21:30:00,11:00:00,21:30:00,11:00:00,21:30:00,11:00:00,22:00:00,11:00:00,22:00:00,https://maps.google.com/?cid=8504280137473709885,,,,環東大道口,139.9231059766639,南港軟體園區,228.4965586169071
512,ChIJ-bzUOBmrQjQRsGWDfhdlryI,宝其咖啡工坊,"11558, Taiwan, Taipei City, Nangang District, Xinguang Village, Kunyang St, 154號1樓",4.7,118,2.0,25.0489142,121.5940846,True,10:00:00,18:00:00,10:00:00,19:00:00,,,10:00:00,19:00:00,10:00:00,19:00:00,10:00:00,19:00:00,10:00:00,18:00:00,https://maps.google.com/?cid=2499327469795108272,,,,捷運昆陽站,151.79840653264623,昆陽,190.97750318751804
513,ChIJkQSnesWrQjQRV2pDGYqGIfc,TR LOUNGE 臺鐵南港禮賓室,"115, Taiwan, Taipei City, Nangang District, Section 1, Nangang Rd, 313號雄獅旅遊南港門市B1樓上",4.2,26,,25.0535448,121.6070495,True,09:00:00,18:00:00,09:00:00,18:00:00,09:00:00,18:00:00,09:00:00,18:00:00,09:00:00,18:00:00,09:00:00,18:00:00,09:00:00,18:00:00,https://maps.google.com/?cid=17807662329287109207,yes,,yes,南港車站,21.094517909430312,南港,39.74625848053369
515,ChIJ9_ossuWrQjQRgFg5vdt84R4,硬性格 外帶咖啡 INSINGER Kaffee 自家烘焙,"115, Taiwan, Taipei City, Nangang District, Xixin Village, Kunyang St, 82號1樓",4.5,461,,25.0519921,121.5932966,True,08:30:00,16:30:00,08:00:00,17:00:00,08:00:00,17:00:00,08:00:00,17:00:00,08:00:00,17:00:00,08:00:00,17:00:00,08:30:00,16:30:00,https://maps.google.com/?cid=2225196974112069760,,,,捷運昆陽站,188.26980531473356,昆陽,166.4379632442819
516,ChIJ7ecJnDurQjQRvA6z9vANISo,昆陽有COFFEE(提供插座/wifi),"No. 470號, Section 6, Zhongxiao E Rd, Xinguang Village, Nangang District, Taipei City, Taiwan 115",4.5,137,,25.050362,121.594715,True,10:00:00,20:00:00,08:00:00,18:00:00,08:00:00,18:00:00,08:00:00,18:00:00,08:00:00,18:00:00,08:00:00,18:00:00,10:00:00,20:00:00,https://maps.google.com/?cid=3035722952406666940,yes,yes,yes,衛生福利部,30.845187529345043,昆陽,141.8683950358344
517,ChIJQwjkJpSpQjQRU37QaYLks5E,肺咖 CAFFE SCUBA,"115, Taiwan, Taipei City, Nangang District, Yucheng Village, Yucheng St, 14-16號號",4.8,74,,25.0504054,121.5810064,True,,,08:00:00,16:00:00,08:00:00,16:00:00,08:00:00,14:00:00,08:00:00,16:00:00,08:00:00,16:00:00,,,https://maps.google.com/?cid=10498986405102911059,,,,玉成里,44.38094118831858,松山,318.5295291453432
518,ChIJKzDgjFmrQjQRQVlfl_x5Qno,給冷鴿手作甜點,"No. 127號, Zhongnan St, Zhongnan Village, Nangang District, Taipei City, Taiwan 11552",4.6,1452,2.0,25.0519491,121.6153757,True,11:00:00,19:00:00,11:00:00,19:00:00,11:00:00,19:00:00,11:00:00,19:00:00,11:00:00,19:00:00,11:00:00,19:00:00,11:00:00,19:00:00,https://maps.google.com/?cid=8809737946868439361,,,,誠正國中,61.950421477558486,南港展覽館,344.6717842507468
521,ChIJnV2DjVirQjQRueETwxNttBI,Unicorn coffee,"No. 23-1號, Xinmin St, Sanzhong Village, Nangang District, Taipei City, Taiwan 115",4.9,304,1.0,25.0560881,121.6133736,True,,,08:30:00,17:00:00,08:30:00,21:00:00,08:30:00,17:00:00,08:30:00,17:00:00,08:30:00,21:00:00,13:30:00,18:30:00,https://maps.google.com/?cid=1347822120135287225,,,,南港,76.1122637238012,南港展覽館,422.9413455542842
523,ChIJj3S1Z4mrQjQRcVGwK8ovDk8,萃豆 CUI DOU 咖啡,"No. 37號, Xinmin St, Sanzhong Village, Nangang District, Taipei City, Taiwan 115",4.8,58,,25.0561011,121.612805,True,,,08:00:00,17:00:00,08:00:00,17:00:00,08:00:00,17:00:00,08:00:00,17:00:00,08:00:00,17:00:00,,,https://maps.google.com/?cid=5696543124033130865,,,,南港,105.08662349262802,南港展覽館,476.6358115326927
524,ChIJWUW9KgCrQjQRm3gXd2Jmom4,nxcoffee 南港CITYLINK店,"115, Taiwan, Taipei City, Nangang District, Xinguang Village, Section 7, Zhongxiao E Rd, 299號C棟2樓",3.3,145,,25.0522602,121.6037595,True,11:00:00,21:30:00,11:00:00,21:30:00,11:00:00,21:30:00,11:00:00,21:30:00,11:00:00,21:30:00,11:00:00,22:00:00,11:00:00,22:00:00,https://maps.google.com/?cid=7972046863490054299,yes,,yes,市民大道八段,121.9284883607775,南港,346.87445673190757
526,ChIJR6G0VzStQjQRB5MKzDmAWQ4,不想上班 只好喝拿鐵(南港店),"115, Taiwan, Taipei City, Nangang District, Sanzhong Village, Lane 255, Jingmao 2nd Rd, 45號1樓",4.6,93,,25.0623059,121.6151687,True,09:00:00,17:00:00,08:00:00,17:00:00,08:00:00,17:00:00,08:00:00,17:00:00,08:00:00,17:00:00,08:00:00,17:00:00,09:00:00,17:00:00,https://maps.google.com/?cid=1033998575182975751,,,,捷運南港軟體園區站,267.66926150734633,南港軟體園區,271.5659600207144
527,ChIJmWW8iY2rQjQRY0umsViL-AE,早旬咖啡廳,"115, Taiwan, Taipei City, Nangang District, Zhongnan Village, Lane 130, Section 1, Yanjiuyuan Rd, 99號C棟C111室",4.8,20,,25.048395,121.6118193,True,,,08:00:00,16:30:00,08:00:00,16:30:00,08:00:00,16:30:00,08:00:00,16:30:00,08:00:00,16:30:00,,,https://maps.google.com/?cid=142016601316019043,,,,圓拱橋,387.7849912503215,南港,620.9736595820613
529,ChIJbxyLRlirQjQRRO4iZVRY6Uc,小南港-懶人私廚,"No. 8號, Zhongnan St, Nangang Village, Nangang District, Taipei City, Taiwan 115",4.3,1049,1.0,25.054987,121.615199,True,08:00:00,12:30:00,07:30:00,16:00:00,,,07:30:00,16:00:00,07:30:00,16:00:00,07:30:00,16:00:00,08:00:00,12:30:00,https://maps.google.com/?cid=5181769965763751492,,,,南港展覽館,53.08477789787037,南港展覽館,209.01938049581312
531,ChIJqXw9lIerQjQRcdMtUBBFjVU,咖樂迪咖啡農場(KALDI COFFEE FARM) CITYLINK南港店,"C棟2F, No. 369號, Section 7, Zhongxiao E Rd, Xinguang Village, Nangang District, Taipei City, Taiwan 11561",4.5,72,,25.0524417,121.6035521,True,11:00:00,21:30:00,11:00:00,21:30:00,11:00:00,21:30:00,11:00:00,21:30:00,11:00:00,21:30:00,11:00:00,22:00:00,11:00:00,22:00:00,https://maps.google.com/?cid=6164659401307050865,,,,市民大道八段,97.56598510906034,南港,369.34723684477956
532,ChIJceTRE4OrQjQRpQb7XN5-3Ok,老豆咖啡,"No. 4號, Lane 569, Section 8, Shimin Blvd, Nangang Village, Nangang District, Taipei City, Taiwan 115",5.0,64,,25.0545121,121.6146131,True,,,07:30:00,14:00:00,07:30:00,16:00:00,07:30:00,16:00:00,07:30:00,16:00:00,07:30:00,16:00:00,08:00:00,13:30:00,https://maps.google.com/?cid=16851483399221348005,,,,南港展覽館,132.2132647895661,南港展覽館,263.0142442078385
534,ChIJb2OkTaurQjQRlQPGBjiyEcc,TSUTAYA BOOKSTORE Nangang,"115, Taiwan, Taipei City, Nangang District, Dongming Village, Section 7, Zhongxiao E Rd, 369號2F",4.6,4018,,25.052981,121.6069293,True,08:30:00,21:30:00,08:30:00,21:30:00,08:30:00,21:30:00,08:30:00,21:30:00,08:30:00,21:30:00,08:30:00,22:00:00,08:30:00,22:00:00,https://maps.google.com/?cid=14344442241853293461,yes,,yes,南港車站,28.03013902550689,南港,35.39026967945818
536,ChIJyWRT3mWrQjQRFOM_DSk68CE,SECOND FLOOR CAFE Nangang Station,"115, Taiwan, Taipei City, Nangang District, Section 7, Zhongxiao E Rd, 359號 City LinkB棟 2樓",4.3,6133,2.0,25.0528418,121.6061935,True,11:00:00,21:30:00,11:00:00,21:30:00,11:00:00,21:30:00,11:00:00,21:30:00,11:00:00,21:30:00,11:00:00,22:00:00,11:00:00,22:00:00,https://maps.google.com/?cid=2445518545652540180,,,,南港轉運站西站,48.88685251466318,南港,107.41602319785319
537,ChIJ7ZXcIA-rQjQRIFMAOLXqt14,WIRED CHAYA茶屋 南港店,"115, Taiwan, Taipei City, Nangang District, Dongming Village, Section 7, Zhongxiao E Rd, 369號2F",4.1,1099,2.0,25.0530209,121.6069387,True,11:00:00,21:30:00,11:00:00,21:30:00,11:00:00,21:30:00,11:00:00,21:30:00,11:00:00,21:30:00,11:00:00,22:00:00,11:00:00,22:00:00,https://maps.google.com/?cid=6825181824352801568,,,,南港車站,24.236601185990075,南港,36.33351355311242
538,ChIJl_iiaWerQjQR6QtfcHiaZzs,Louisa Coffee 路易莎咖啡(南港CITYLINK門市),"115, Taiwan, Taipei City, Nangang District, Xinguang Village, Section 7, Zhongxiao E Rd, 369號B棟1樓",2.9,471,1.0,25.0525582,121.604518,True,09:00:00,21:30:00,07:00:00,21:30:00,07:00:00,21:30:00,07:00:00,21:30:00,07:00:00,21:30:00,07:00:00,22:00:00,09:00:00,22:00:00,https://maps.google.com/?cid=4280559812910975977,,,,南港轉運站西站,127.88701955274468,南港,274.7549546494585
539,ChIJ3eVGaACtQjQRgQvpyfaX5Fs,La Ohana (LaLaport南港店),"115, Taiwan, Taipei City, Nangang District, Huanhe Village, Jingmao 2nd Rd, 131號5 樓",4.3,3838,,25.0593449,121.6175825,True,11:00:00,21:30:00,11:00:00,21:30:00,11:00:00,21:30:00,11:00:00,21:30:00,11:00:00,21:30:00,11:00:00,22:00:00,11:00:00,22:00:00,https://maps.google.com/?cid=6621584438346713985,,,,捷運南港軟體園區站,139.919025696796,南港軟體園區,182.64092260099486
540,ChIJQXCEaMitQjQRsiNz3rGsrBY,Dreamers Coffee Roasters Neihu Shop,"No. 11號, Alley 22, Lane 513, Ruiguang Rd, Xihu Village, Neihu District, Taipei City, Taiwan 114",4.8,2914,2.0,25.0800525,121.5688593,True,09:00:00,19:00:00,08:00:00,18:00:00,08:00:00,18:00:00,08:00:00,18:00:00,08:00:00,18:00:00,08:00:00,18:00:00,09:00:00,19:00:00,https://maps.google.com/?cid=1633870644769924018,,,,仁寶大樓,86.65694881333818,西湖,283.55192012050946
541,ChIJr80oVvStQjQR8LxICYeR5aI,AROS COFFEE 一縷光,"No. 332 號, Lishan St, Gangdou Village, Neihu District, Taipei City, Taiwan 114",4.6,398,,25.0829173,121.5731744,True,11:00:00,18:30:00,11:00:00,18:30:00,,,11:00:00,18:30:00,11:00:00,18:30:00,11:00:00,18:30:00,11:00:00,18:30:00,https://maps.google.com/?cid=11737948012973440240,,,,麗山街,238.79419110840414,港墘,375.7552977973273
542,ChIJSa1zFYysQjQRCQI-kl6iSVE,Reeds Coffee & Bakery,"No. 146號, Section 3, Chenggong Rd, Hubin Village, Neihu District, Taipei City, Taiwan 114",4.3,1091,2.0,25.0799349,121.5897048,True,08:00:00,20:00:00,08:00:00,20:00:00,08:00:00,20:00:00,08:00:00,20:00:00,08:00:00,20:00:00,08:00:00,20:00:00,08:00:00,20:00:00,https://maps.google.com/?cid=5857391317436203529,,,,成功路三段,24.561638136944318,文德,504.22227769724384
543,ChIJhY1tQpmsQjQRkP6nYVQ6eUw,Le Mani 琢手咖啡 內湖店,"No. 48-1號, Section 2, Huanshan Rd, Ganghua Village, Neihu District, Taipei City, Taiwan 114",4.4,1543,2.0,25.0855464,121.5737236,True,09:00:00,18:00:00,09:00:00,18:00:00,09:00:00,18:00:00,09:00:00,18:00:00,09:00:00,18:00:00,09:00:00,18:00:00,09:00:00,18:00:00,https://maps.google.com/?cid=5510499753154576016,,,yes,麗山新村,54.97149956133647,港墘,624.4514586509332
544,ChIJa5LxNRitQjQRWNIVoE6Mo1Y,Koshi Cafe,"No. 296號, Section 1, Kangning Rd, Ziyun Village, Neihu District, Taipei City, Taiwan 114",4.5,369,,25.0785334,121.5979444,True,09:30:00,17:30:00,09:30:00,16:30:00,09:30:00,16:30:00,09:30:00,16:30:00,09:30:00,16:30:00,09:30:00,16:30:00,09:30:00,17:30:00,https://maps.google.com/?cid=6242987777786761816,,,,內湖新城,74.99911123678636,內湖,667.7315076355849
545,ChIJL1eKp42tQjQRGJUTlorzFIk,BUNA CAFE Neihu,"No. 137號, Section 6, Minquan E Rd, Baohu Village, Neihu District, Taipei City, Taiwan 114",4.6,4833,2.0,25.069127,121.5942007,True,08:00:00,22:00:00,09:00:00,22:00:00,09:00:00,22:00:00,09:00:00,22:00:00,09:00:00,22:00:00,09:00:00,22:00:00,08:00:00,22:00:00,https://maps.google.com/?cid=9877787659279242520,,,,福華商場,111.58456673010345,葫洲,1383.7982841392572
546,ChIJGTcKOW6sQjQRRZ9ipGQhXwI,Zhanlu Coffee,"114, Taiwan, Taipei City, Neihu District, 內湖區洲⼦街150號",4.5,1444,2.0,25.0812145,121.5677842,True,08:00:00,19:00:00,08:00:00,19:00:00,08:00:00,19:00:00,08:00:00,19:00:00,08:00:00,19:00:00,08:00:00,19:00:00,08:00:00,19:00:00,https://maps.google.com/?cid=170892027001741125,yes,,,恕德家商,164.7535293085634,西湖,118.11075193001412
547,ChIJN-86KZStQjQR2WUpchtrM6Q,Caffaina Coffee Gallery Neihu Shop,"No. 79號, Zhouzi St, 內湖區 Neihu District, Taipei City, Taiwan 114",4.1,1327,,25.0802004,121.5714038,True,08:00:00,20:00:00,08:00:00,20:00:00,08:00:00,20:00:00,08:00:00,20:00:00,08:00:00,20:00:00,08:00:00,20:00:00,08:00:00,20:00:00,https://maps.google.com/?cid=11831918411656029657,yes,,yes,麗山街,111.76070318283772,港墘,383.58172804594994
548,ChIJ90YV0NytQjQRu7MgOPDCZkc,Leisure Time Cafe,"No. 372號, Section 1, Neihu Rd, Gangqian Village, Neihu District, Taipei City, Taiwan 114",4.4,910,2.0,25.0811046,121.5717276,True,11:00:00,21:00:00,11:00:00,21:00:00,11:00:00,21:00:00,11:00:00,21:00:00,11:00:00,21:00:00,11:00:00,21:00:00,11:00:00,21:00:00,https://maps.google.com/?cid=5145013961306977211,,,,麗山街,16.1258798847733,港墘,368.81414146391
549,ChIJ3xUzNTtcwisRW-0b1558R1k,橋與門coffee,"114, Taiwan, Taipei City, Neihu District, Section 2, Neihu Rd, 350號1樓2樓",5.0,296,,25.0819202,121.590221,True,09:00:00,18:00:00,09:00:00,18:00:00,09:00:00,18:00:00,,,09:00:00,18:00:00,09:00:00,18:00:00,09:00:00,18:00:00,https://maps.google.com/?cid=6433247614377651547,,,,內湖派出所,16.187046290889725,內湖,436.7770902879962
552,ChIJ4dbvYf2tQjQRL3TDD1STqus,根本在旅行-內湖昇恆昌旗艦店,"No. 129號, Jinzhuang Rd, Shitan Village, Neihu District, Taipei City, Taiwan 114",4.8,140,,25.064437,121.5881034,True,10:00:00,21:00:00,10:30:00,19:30:00,10:30:00,19:30:00,10:30:00,19:30:00,10:30:00,19:30:00,10:30:00,19:30:00,10:00:00,21:00:00,https://maps.google.com/?cid=16981547334204879919,yes,yes,,石潭成功路口,165.00321509193557,文德,1596.2393920828729
553,ChIJN9tRRmGsQjQRBRGzuiryq9k,The Antipodean Neihu,"No. 4號, Lane 26, Gangqian Rd, Ganghua Village, Neihu District, Taipei City, Taiwan 114",4.3,2872,2.0,25.0826766,121.5778639,True,07:00:00,18:00:00,08:00:00,18:00:00,08:00:00,18:00:00,08:00:00,18:00:00,08:00:00,18:00:00,08:00:00,18:00:00,07:00:00,18:00:00,https://maps.google.com/?cid=15684896392582729989,,,,麗山高中(港墘),51.58271831285499,港墘,394.00404528998587
554,ChIJnwpmyIWtQjQReryoq_5_csE,LEAVES Cafe 午葉內湖旗艦店,"114, Taiwan, Taipei City, Neihu District, Gangqian Village, Ruiguang Rd, 168號1樓",4.1,950,2.0,25.0738908,121.5786041,True,09:00:00,20:30:00,09:00:00,20:30:00,09:00:00,20:30:00,09:00:00,20:30:00,09:00:00,20:30:00,09:00:00,20:30:00,09:00:00,20:30:00,https://maps.google.com/?cid=13939344528443489402,,,,陽光街,71.11906233830724,港墘,765.9316847316201
558,ChIJIbEWk2usQjQRZuSBb913ibk,肯達咖啡 Kantata Coffee,"No. 17號, Lane 28, Section 1, Huanshan Rd, Xikang Village, Neihu District, Taipei City, Taiwan 114",4.5,671,2.0,25.0856456,121.5640336,True,,,09:00:00,18:00:00,09:00:00,18:00:00,09:00:00,18:00:00,09:00:00,18:00:00,09:00:00,18:00:00,09:00:00,18:00:00,https://maps.google.com/?cid=13369348761768289382,,,,西湖國中,151.4037309226827,西湖,505.9800568880648
559,ChIJvwoWOPKsQjQRzIBGBU9MBmo,暖窩咖啡內湖店,"No. 64號, Section 3, Neihu Rd, Bishan Village, Neihu District, Taipei City, Taiwan 114",4.6,313,1.0,25.0862989,121.5920081,True,10:30:00,18:30:00,10:30:00,18:30:00,10:30:00,18:30:00,10:30:00,18:30:00,10:30:00,18:30:00,10:30:00,18:30:00,10:30:00,18:30:00,https://maps.google.com/?cid=7639877720155259084,,,,碧山路口,45.1532220955959,內湖,380.4396409716624
560,ChIJDwFEO2OsQjQRkCUiQcQHP4c,NATIVO精品咖啡,"No. 48號, Alley 9, Lane 22, Wende Rd, Ruiyang Village, Neihu District, Taipei City, Taiwan 114",4.7,179,2.0,25.0768713,121.5789285,True,10:00:00,18:00:00,10:00:00,18:00:00,10:00:00,18:00:00,10:00:00,18:00:00,10:00:00,18:00:00,10:00:00,18:00:00,10:00:00,18:00:00,https://maps.google.com/?cid=9745516658140784016,,,yes,西湖圖書館(湖光教會),199.63220837099956,港墘,516.7175687673673
561,ChIJA8cwxFqpQjQRrwJVZL2__QA,Miracle Coffee 內湖,"No. 151號, Zhouzi St, Xihu Village, Neihu District, Taipei City, Taiwan 11493",4.3,416,2.0,25.0812664,121.5685631,True,,,08:00:00,17:00:00,08:00:00,17:00:00,08:00:00,17:00:00,08:00:00,17:00:00,08:00:00,17:00:00,,,https://maps.google.com/?cid=71423989260812975,,,,恕德家商,97.74197546467347,西湖,162.3037522038351
562,ChIJ2amceUKtQjQRpT9mc7Jw7UE,Xuluji Jiaqi Coffee,"114, Taiwan, Taipei City, Neihu District, Gangqian Village, Jiangnan St, 123號1樓",5.0,68,,25.0761918,121.5758572,True,,,07:40:00,16:30:00,07:40:00,16:30:00,07:40:00,16:30:00,07:40:00,16:30:00,07:40:00,16:30:00,,,https://maps.google.com/?cid=4750577093688311717,,,,港墘路,112.17214730662779,港墘,434.93360380531834
563,ChIJx6VEiIysQjQRl1-AZvg5blw,香投咖啡 Sanntou Café,"No. 336號, Section 2, Neihu Rd, Hubin Village, Neihu District, Taipei City, Taiwan 114",4.3,212,2.0,25.0815715,121.5893963,True,10:00:00,18:00:00,10:00:00,18:00:00,10:00:00,18:00:00,10:00:00,18:00:00,10:00:00,18:00:00,10:00:00,18:00:00,10:00:00,18:00:00,https://maps.google.com/?cid=6660324637961904023,,,,內湖派出所,32.2796816034071,內湖,528.4846361157862
564,ChIJZe1Zzu-tQjQRqmN_GS6nuV8,CAFE!N 硬咖啡 內科陽光門市,"No. 80號, Ruihu St, Huyuan Village, Neihu District, Taipei City, Taiwan 114",4.1,100,,25.0725545,121.5759688,True,08:00:00,15:30:00,08:00:00,17:00:00,08:00:00,17:00:00,08:00:00,17:00:00,08:00:00,17:00:00,08:00:00,17:00:00,,,https://maps.google.com/?cid=6897728120732738474,,,,陽光街,81.12417311084943,港墘,836.393505283227
565,ChIJAS2mi6atQjQR_Oe_TCEQas4,GO GO GEESAA ｜Coffee & Dessert｜智能手沖咖啡｜workshop場地租借,"No. 335號, Ruiguang Rd, Gangqian Village, Neihu District, Taipei City, Taiwan 114",4.7,171,,25.0777053,121.5749664,True,09:00:00,17:00:00,09:30:00,17:00:00,09:30:00,17:00:00,09:30:00,17:00:00,09:30:00,17:00:00,09:30:00,17:00:00,09:30:00,17:00:00,https://maps.google.com/?cid=14873718454552094716,,,,內湖運動中心,65.8347757347483,港墘,263.33422951583606
566,ChIJd3jNz8ytQjQR9a5vXn3l9O0,Visa Vis Coffee - Lishan,"114, Taiwan, Taipei City, Neihu District, Lishan Village, Section 1, Neihu Rd, 407號1樓",4.9,49,,25.0817519,121.5707203,True,08:30:00,16:00:00,07:30:00,17:00:00,07:30:00,17:00:00,07:30:00,17:00:00,07:30:00,17:00:00,07:30:00,17:00:00,08:30:00,16:00:00,https://maps.google.com/?cid=17146582007924371189,,,,麗山街,53.861896176020345,西湖,346.91272127192633
567,ChIJC8seTm6sQjQR6cLj6hayijk,Journey Kaffe Xihu,"No. 24號, Lane 583, Ruiguang Rd, Xihu Village, Neihu District, Taipei City, Taiwan 114",4.1,5472,2.0,25.0805373,121.5682139,True,10:00:00,19:00:00,10:00:00,19:00:00,10:00:00,19:00:00,10:00:00,19:00:00,10:00:00,19:00:00,10:00:00,19:00:00,10:00:00,19:00:00,https://maps.google.com/?cid=4146322218447782633,,,,仁寶大樓,133.33382017796805,西湖,204.43709531654662
568,ChIJT6qEGnysQjQR1PFfUAFLdFk,Journey Kaffe (Yangguang Store),"No. 42號, Lane 321, Yangguang St, Huyuan Village, Neihu District, Taipei City, Taiwan 114",4.3,9826,2.0,25.0715682,121.5778053,True,09:00:00,21:00:00,09:00:00,21:00:00,09:00:00,21:00:00,09:00:00,21:00:00,09:00:00,21:00:00,09:00:00,21:00:00,09:00:00,21:00:00,https://maps.google.com/?cid=6445859435689538004,,,yes,陽光街,186.23474495787195,港墘,977.965654498062
569,ChIJP6vuKe2rQjQRn11mBUwVG4k,Warehouse Cafe,"114, Taiwan, Taipei City, Neihu District, Huyuan Village, Xinhu 2nd Rd, 221號1樓",4.9,65,,25.0628148,121.5803591,True,,,07:10:00,15:00:00,07:10:00,15:00:00,07:10:00,15:00:00,07:10:00,15:00:00,07:10:00,15:00:00,,,https://maps.google.com/?cid=9879513623819607455,,,,行愛路77巷口,113.60486554909586,松山,1441.4203161388125
571,ChIJGXgrR8qrQjQR404jGLqDEuA,HOLA CAFE Taipei Neihu,"1樓, No. 23號, Xinhu 3rd Rd, Huyuan Village, Neihu District, Taipei City, Taiwan 114",4.0,51,,25.0619909,121.5742691,True,10:00:00,18:00:00,10:00:00,18:00:00,10:00:00,18:00:00,10:00:00,18:00:00,10:00:00,18:00:00,10:00:00,18:00:00,10:00:00,18:00:00,https://maps.google.com/?cid=16146112449368772323,,,,新湖三路口 (台北花市),334.0757555323651,松山,1359.486460135801
574,ChIJfepvyousQjQRq2rFXvS-esU,Elephant Garden Neihu,"No. 192, Section 2, Neihu Rd, Hubin Village, Neihu District, Taipei City, Taiwan 114",4.2,6098,2.0,25.080771,121.5857379,True,11:00:00,21:00:00,11:00:00,21:00:00,11:00:00,21:00:00,11:00:00,21:00:00,11:00:00,21:00:00,11:00:00,21:00:00,11:00:00,21:00:00,https://maps.google.com/?cid=14229895929401797291,,,,達人中學(臺灣戲曲學院),117.48194321493294,文德,258.1599462714065
575,ChIJP9MYKDWtQjQR0SUQGZ4HRAA,和風美咖 MI CAFETO︱精品咖啡︱咖啡豆專賣︱職人手沖咖啡課程,"No. 410號, Ruiguang Rd, Gangqian Village, Neihu District, Taipei City, Taiwan 114",4.5,110,,25.0781301,121.5702809,True,,,10:00:00,17:00:00,10:00:00,17:00:00,10:00:00,17:00:00,10:00:00,17:00:00,10:00:00,18:00:00,10:00:00,18:00:00,https://maps.google.com/?cid=19148674023040465,,,,瑞光港墘路口,159.91158556294417,西湖,540.2873666748321
576,ChIJS8zbZ92tQjQRPXfkqUJaxNg,May Coffee Be With You,"114, Taiwan, Taipei City, Neihu District, Gangqian Village, Gangqian Rd, 115號1樓",5.0,78,,25.0785061,121.5765486,True,,,08:00:00,15:00:00,08:00:00,15:00:00,08:00:00,15:00:00,08:00:00,15:00:00,08:00:00,15:00:00,08:00:00,17:00:00,https://maps.google.com/?cid=15619708649992386365,,,,港墘派出所,17.820491279329524,港墘,220.30225012886896
577,ChIJI-NQIrytQjQRi2_4Ix2v7kA,Peter Better Cafe,"No. 50號, Zhouzi St, Gangqian Village, Neihu District, Taipei City, Taiwan 114",3.7,201,1.0,25.0790063,121.5731829,True,08:00:00,17:00:00,07:30:00,17:00:00,07:30:00,17:00:00,07:30:00,17:00:00,07:30:00,17:00:00,07:30:00,17:00:00,08:00:00,17:00:00,https://maps.google.com/?cid=4678869602576920459,,,yes,瑞光路393巷,123.02841574524383,港墘,235.59406460616563
578,ChIJV0rOw-mtQjQR128VmBZcAKQ,UNO COFFEE 內湖店,"No. 293號, Section 1, Neihu Rd, Xihu Village, Neihu District, Taipei City, Taiwan 11444",4.6,97,,25.0823476,121.5673398,True,08:00:00,15:00:00,07:30:00,16:30:00,07:30:00,16:30:00,07:30:00,16:30:00,07:30:00,16:30:00,07:30:00,16:00:00,,,https://maps.google.com/?cid=11817546674330759127,,,,捷運西湖站,76.46819025695444,西湖,17.452362967550748
579,ChIJd0DEtLerQjQRj5iFv-4kKQQ,Peter Better Cafe Neihu Xingshan,"No. 64號, Xingshan Rd, Huyuan Village, Neihu District, Taipei City, Taiwan 114",4.1,236,1.0,25.0570511,121.5762723,True,08:00:00,16:00:00,07:00:00,17:00:00,07:00:00,17:00:00,07:00:00,17:00:00,07:00:00,17:00:00,07:00:00,17:00:00,08:00:00,16:00:00,https://maps.google.com/?cid=299811458030868623,,,yes,行善路,23.434143085855176,松山,782.7103481304573
580,ChIJgZHbewCrQjQRVFg4VHl0Qnw,Dreamers Coffee Roasters 內湖大全聯店,"114, Taiwan, Taipei City, Neihu District, Huyuan Village, Section 1, Jiuzong Rd, 188號一 樓",4.7,96,,25.0623069,121.5757088,True,08:00:00,21:00:00,08:00:00,21:00:00,08:00:00,21:00:00,08:00:00,21:00:00,08:00:00,21:00:00,08:00:00,21:00:00,08:00:00,21:00:00,https://maps.google.com/?cid=8953847073618810964,yes,,,新湖三路口 (台北花市),184.86524226140688,松山,1367.1171435736956
582,ChIJO6GuZb6sQjQRpNEp6bTjfr8,Seeking Café,"No. 11, Lane 420, Section 5, Chenggong Rd, Jinhu Village, Neihu District, Taipei City, Taiwan 114",4.5,235,2.0,25.0753148,121.6077784,True,09:00:00,19:00:00,11:00:00,19:00:00,11:00:00,19:00:00,11:00:00,19:00:00,11:00:00,19:00:00,11:00:00,19:00:00,09:00:00,19:00:00,https://maps.google.com/?cid=13798716674455228836,,,,康寧醫院,59.266959887711444,葫洲,299.4077958476502
584,ChIJD9a2SAmtQjQRGEgvyzzTSv4,Kitchen of Kindness,"No. 279號, Ruiguang Rd, Gangqian Village, Neihu District, Taipei City, Taiwan 114",4.8,1439,,25.075518,121.576743,True,11:00:00,20:00:00,11:00:00,20:00:00,11:00:00,20:00:00,11:00:00,20:00:00,11:00:00,20:00:00,11:00:00,20:00:00,11:00:00,20:00:00,https://maps.google.com/?cid=18323690291970656280,,,,瑞光路,132.16225524953583,港墘,527.9099921650696
585,ChIJH0HPEeOtQjQR1GUkjTCP_dk,Takeout burger & cafe 內湖店（最後點餐晚上9點，恕不接待10歲以下幼童內用）,"114, Taiwan, Taipei City, Neihu District, Gangqian Village, Zhouzi St, 55號1樓",4.7,901,2.0,25.0795418,121.5736683,True,17:00:00,22:00:00,11:00:00,22:00:00,11:00:00,22:00:00,11:00:00,22:00:00,11:00:00,22:00:00,11:00:00,22:00:00,17:00:00,22:00:00,https://maps.google.com/?cid=15707868514027333076,,,,麗山國中,125.21667113084875,港墘,165.65862642676106
586,ChIJpzAb-5mtQjQRjYYhoB8h790,Bigtom無罪甜生活－美國冰淇淋咖啡館內湖店,"No. 33號, Lane 258, Ruiguang Rd, Gangqian Village, Neihu District, Taipei City, Taiwan 114",4.9,46,,25.0750647,121.5750462,True,10:30:00,20:00:00,10:30:00,20:00:00,10:30:00,20:00:00,10:30:00,20:00:00,10:30:00,20:00:00,10:30:00,20:00:00,10:30:00,20:00:00,https://maps.google.com/?cid=15992037221530175117,,,,港墘路,104.50727899762391,港墘,554.9830520151407
589,ChIJ36PSOKCtQjQRg3kJR6U8WII,克爾咖啡（內湖港墘店）,"No. 12號, Lane 127, Gangqian Rd, Gangqian Village, Neihu District, Taipei City, Taiwan 114",4.8,58,,25.0778635,121.5770085,True,,,07:30:00,15:00:00,07:30:00,15:00:00,07:30:00,15:00:00,07:30:00,15:00:00,07:30:00,15:00:00,,,https://maps.google.com/?cid=9392323703440243075,,,yes,港墘派出所,102.46042908598677,港墘,305.044822685306
591,ChIJd8JMXwKtQjQRtcgmBVKpiOs,Timama kitchen,"No. 32號, Alley 16, Lane 71, Jiangnan St, Gangqian Village, Neihu District, Taipei City, Taiwan 114",4.2,653,2.0,25.0755428,121.5774855,True,,,11:00:00,20:00:00,11:00:00,20:00:00,11:00:00,20:00:00,11:00:00,20:00:00,11:00:00,20:00:00,11:00:00,20:00:00,https://maps.google.com/?cid=16972001365484554421,,,,瑞光路,93.92045777131659,港墘,552.092170857334
592,ChIJs9whTXusQjQR4geWV-iWRnM,不想上班 只好喝拿鐵(內湖店),"No. 2號, Lane 116, Jiangnan St, Gangqian Village, Neihu District, Taipei City, Taiwan 114",4.3,814,1.0,25.0765559,121.576081,True,08:30:00,17:30:00,07:30:00,17:30:00,07:30:00,17:30:00,07:30:00,17:30:00,07:30:00,17:30:00,07:30:00,17:30:00,08:30:00,17:30:00,https://maps.google.com/?cid=8306492487377487842,,,,內湖運動中心,92.96120804906056,港墘,399.50448522205664
593,ChIJL1WwuKetQjQRjRVQ8jh26qk,CHILL CAFE去喝咖啡 自家烘焙,"No. 115號, Jiangnan St, Gangqian Village, Neihu District, Taipei City, Taiwan 114",4.7,50,,25.0763169,121.5761564,True,,,07:30:00,16:00:00,07:30:00,16:00:00,07:30:00,16:00:00,07:30:00,16:00:00,07:30:00,16:00:00,08:30:00,15:00:00,https://maps.google.com/?cid=12243728523915695501,,,,內湖運動中心,119.66088288200092,港墘,427.0097794457561
594,ChIJtZvFZjWtQjQRTg6bf0jX7FI,HWC 黑沃咖啡｜內湖陽光店,"No. 319號, Yangguang St, Huyuan Village, Neihu District, Taipei City, Taiwan 114",4.1,124,2.0,25.0735895,121.5789181,True,07:30:00,17:00:00,07:30:00,17:00:00,07:30:00,17:00:00,07:30:00,17:00:00,07:30:00,17:00:00,07:30:00,17:00:00,07:30:00,17:00:00,https://maps.google.com/?cid=5975387511992290894,,,,陽光街,72.14122151062824,港墘,810.0727237465137
595,ChIJ27QZUW6sQjQRKdZidoV-nAY,Marcus老倉庫內湖店,"114, Taiwan, Taipei City, Neihu District, Xihu Village, Lane 583, Ruiguang Rd, 25號1樓",4.4,6393,2.0,25.0807832,121.5678828,True,10:00:00,21:00:00,10:00:00,21:00:00,10:00:00,21:00:00,10:00:00,21:00:00,10:00:00,21:00:00,10:00:00,21:00:00,10:00:00,21:00:00,https://maps.google.com/?cid=476394772276368937,,,,仁寶大樓,168.74990147185864,西湖,166.17669796020314
596,ChIJ3cHL-PKpQjQR2xz0Iv8Hd3g,海子家,"100, Taiwan, Taipei City, Zhongzheng District, Ningbo W St, 24-1號2樓 （入口在22巷內，招牌下的小巷子進去才是哦！",4.8,319,2.0,25.0310734,121.5183285,True,10:00:00,21:00:00,11:00:00,18:30:00,11:00:00,18:30:00,11:00:00,18:30:00,11:00:00,18:30:00,11:00:00,18:30:00,10:00:00,21:00:00,https://maps.google.com/?cid=8680415599164398811,,,yes,捷運中正紀念堂站(羅斯福),107.8095421914254,中正紀念堂,263.36794616059245
598,ChIJzXROp2SsQjQR_a03M8HXQI8,晨品咖啡&惇景空間設計,"114, Taiwan, Taipei City, Neihu District, Gangqian Village, Lane 127, Gangqian Rd, 33號1樓",4.4,58,,25.077429,121.5769285,True,,,09:30:00,18:00:00,09:30:00,18:00:00,09:30:00,18:00:00,09:30:00,18:00:00,09:30:00,18:00:00,,,https://maps.google.com/?cid=10322487570721123837,yes,yes,yes,內湖運動中心,136.2817401955786,港墘,340.6644562206186
599,ChIJWwRW53GsQjQRDmNGy5h6Vug,Louisa Coffee,"No. 239號, Section 2, Tiding Blvd, Xihu Village, Neihu District, Taipei City, Taiwan 11493",3.4,356,1.0,25.0786955,121.567116,True,,,07:30:00,17:00:00,07:30:00,17:00:00,07:30:00,17:00:00,07:30:00,17:00:00,07:30:00,17:00:00,,,https://maps.google.com/?cid=16741703461460402958,,,,金泰公園,116.05406285123536,西湖,387.8004253884969
601,ChIJdeVTvFyvQjQRc4pooOFuA90,Second Life Coffee Plus,"No. 74號, Meide St, Jiujia Village, Shilin District, Taipei City, Taiwan 111",4.4,1131,2.0,25.0957824,121.5251466,True,09:30:00,17:30:00,09:30:00,17:30:00,,,09:30:00,17:30:00,09:30:00,17:30:00,09:30:00,17:30:00,09:30:00,17:30:00,https://maps.google.com/?cid=15925694622650108531,,,,士林,73.41465927114511,士林,276.63371302685647
604,ChIJKzsqhymvQjQR0Y-XF9apD3U,CAFE!N Shilin Shop,"No. 1號, Lane 16, Meide St, Fude Village, Shilin District, Taipei City, Taiwan 111011",4.0,657,,25.0944249,121.5256676,True,07:30:00,19:00:00,07:30:00,19:00:00,07:30:00,19:00:00,07:30:00,19:00:00,07:30:00,19:00:00,07:30:00,19:00:00,07:30:00,19:00:00,https://maps.google.com/?cid=8435147364072132561,yes,,yes,捷運士林站,57.468955211475006,士林,118.43439664272027
605,ChIJgRqoY8KvQjQRCC2Eh_QOz94,Together Cafe 士林,"No. 302號, Danan Rd, Hougang Village, Shilin District, Taipei City, Taiwan 111",4.6,435,2.0,25.0888985,121.5188967,True,11:30:00,20:00:00,11:00:00,20:00:00,11:00:00,20:00:00,,,11:00:00,20:00:00,11:00:00,20:00:00,,,https://maps.google.com/?cid=16055067640007503112,,,,後港里,75.88867890108583,劍潭,798.2116060787375
606,ChIJiybSOKOuQjQREnPxnA0f3-A,TAKEAWAY COFFEE 帶著走咖啡｜咖啡豆專賣｜自家烘焙咖啡,"No. 2-1號, Lane 213, Zhongzheng Rd, Fulin Village, Shilin District, Taipei City, Taiwan 111",4.8,432,1.0,25.0951578,121.5265557,True,08:30:00,19:00:00,08:00:00,19:00:00,08:00:00,19:00:00,08:00:00,19:00:00,08:00:00,19:00:00,08:00:00,19:00:00,08:30:00,19:00:00,https://maps.google.com/?cid=16203704127630439186,,,,捷運士林站(中正),43.56840400365002,士林,186.82340214327635
609,ChIJscNHc8KvQjQRKsvSBUI0wfs,泰谷咖啡,"No. 11號, Fushou St, Jiujia Village, Shilin District, Taipei City, Taiwan 111",4.9,61,,25.0958943,121.5255176,True,,,08:30:00,16:00:00,10:00:00,16:00:00,08:30:00,16:00:00,08:30:00,16:00:00,08:30:00,16:00:00,10:00:00,16:00:00,https://maps.google.com/?cid=18140838232195255082,,,,捷運士林站(中正),65.72215401588117,士林,275.7822240537156
610,ChIJZ5vfxPOvQjQRQ4l-DizRSXk,Awoo Kōhii,"No. 2號, Alley 44, Lane 505, Section 5, Zhongshan N Rd, Fulin Village, Shilin District, Taipei City, Taiwan 111",4.8,544,,25.093396,121.52655,True,10:00:00,17:30:00,09:30:00,18:00:00,09:30:00,18:00:00,09:30:00,18:00:00,09:30:00,18:00:00,09:30:00,18:00:00,10:00:00,17:30:00,https://maps.google.com/?cid=8739746539041098051,yes,,,捷運士林站,50.37590332563485,士林,32.48783390120338
611,ChIJAwlEckevQjQRrkCMoS_2vKs,Banana Blue Coffee 士林店,"No. 182號, Zhongzheng Rd, Jiujia Village, Shilin District, Taipei City, Taiwan 11145",4.1,673,2.0,25.0958028,121.5272899,True,08:30:00,20:30:00,08:30:00,20:30:00,08:30:00,20:30:00,08:30:00,20:30:00,08:30:00,20:30:00,08:30:00,20:30:00,08:30:00,20:30:00,https://maps.google.com/?cid=12375036560541499566,,,yes,捷運士林站(中正),89.50092988981275,士林,276.46208993544093
612,ChIJ1zM6aDCtQjQRcbqbST2pwt8,Cama Coffee Roasters Yangmingshan,"No. 70號, Gezhi Rd, Yangming Village, Shilin District, Taipei City, Taiwan 111",4.2,3507,2.0,25.1382179,121.5466813,True,09:30:00,19:00:00,09:30:00,18:30:00,09:30:00,18:30:00,09:30:00,18:30:00,09:30:00,18:30:00,09:30:00,19:00:00,09:30:00,19:00:00,https://maps.google.com/?cid=16123635696632838769,,,,山仔后,23.601834357968773,芝山,4599.410217851651
614,ChIJbzdgPQCvQjQRtTYy0Z-KOYQ,Leible Coffee,"No. 294號, Wenlin Rd, Fude Village, Shilin District, Taipei City, Taiwan 111",4.4,160,,25.0917692,121.5265122,True,11:00:00,19:00:00,11:00:00,19:00:00,11:00:00,19:00:00,11:00:00,19:00:00,11:00:00,19:00:00,11:00:00,19:00:00,11:00:00,19:00:00,https://maps.google.com/?cid=9527798905693157045,,,,小北街,83.5950091522185,士林,193.02873555908795
615,ChIJa_UgaqOvQjQRBwD8TiKYwMg,玄珠 SʏᴜᴀɴDʀᴇᴡ 自烘咖啡 & 自製抹醬 Coffee Roast & Spread,"111, Taiwan, Taipei City, Shilin District, Fulin Village, Lane 213, Zhongzheng Rd, 58號1樓",4.6,242,,25.0936456,121.5268541,True,10:00:00,17:00:00,10:00:00,17:00:00,10:00:00,17:00:00,10:00:00,17:00:00,10:00:00,17:00:00,10:00:00,17:00:00,10:00:00,17:00:00,https://maps.google.com/?cid=14465729276235481095,yes,,yes,捷運士林站,90.4586235557346,士林,63.494293192216624
617,ChIJQyWPuLyuQjQRDPXKEBDmERw,南美咖啡,"No. 446號, Wenlin Rd, Jiujia Village, Shilin District, Taipei City, Taiwan 111",4.3,797,2.0,25.0953305,121.5246671,True,08:00:00,19:00:00,08:00:00,21:00:00,08:00:00,21:00:00,08:00:00,21:00:00,08:00:00,21:00:00,08:00:00,21:00:00,08:00:00,21:00:00,https://maps.google.com/?cid=2022650664341665036,,,,捷運士林站(中正),50.795260579580194,士林,258.33716141349055
618,ChIJf3SQblipQjQRw7M92DgsPmQ,COZY SUN DAY CAFE 日向咖啡 士林新光店,"No. 74號, Wenchang Rd, Fujia Village, Shilin District, Taipei City, Taiwan 111045",4.7,264,,25.0963902,121.5212523,True,07:30:00,16:30:00,07:30:00,16:30:00,07:30:00,16:30:00,07:30:00,16:30:00,07:30:00,16:30:00,07:30:00,16:30:00,07:30:00,16:30:00,https://maps.google.com/?cid=7223259475006567363,,,,新光醫院,92.64792979438296,士林,597.2319504377249
619,ChIJi2noNqOuQjQRbA-Scsp0ws8,ikari Shilin Shop,"No. 231號, Zhongzheng Rd, Fulin Village, Shilin District, Taipei City, Taiwan 111",4.3,2364,2.0,25.0952467,121.5260806,True,07:00:00,21:00:00,07:00:00,21:00:00,07:00:00,21:00:00,07:00:00,21:00:00,07:00:00,21:00:00,07:00:00,21:00:00,07:00:00,21:00:00,https://maps.google.com/?cid=14970656524187340652,,,yes,捷運士林站(中正),25.862868182602607,士林,194.77725815649666
620,ChIJBxI3rOetQjQRMonpMsqY7pg,白房子 Yang Ming Caf’e,"111, Taiwan, Taipei City, Shilin District, Aifu 2nd St, 厚生巷2號",4.4,5644,2.0,25.1391412,121.5460612,True,09:00:00,19:00:00,10:00:00,18:00:00,10:00:00,18:00:00,10:00:00,18:00:00,10:00:00,18:00:00,10:00:00,18:00:00,09:00:00,19:00:00,https://maps.google.com/?cid=11019913332427163954,,,,文化大學,70.43568359812447,芝山,4654.253637890911
621,ChIJlyMajuetQjQRXtB74oN2G9Q,Grass Mountain Coffee,"No. 472號, Section 5, Zhongshan N Rd, Fulin Village, Shilin District, Taipei City, Taiwan 111",4.7,502,2.0,25.0923696,121.5281814,True,08:15:00,17:15:00,08:15:00,17:15:00,08:15:00,17:15:00,08:15:00,17:15:00,08:15:00,17:15:00,08:15:00,17:15:00,08:15:00,17:15:00,https://maps.google.com/?cid=15283940069224468574,,,,捷運士林站 (中山),63.90352770273587,士林,231.56545812039187
622,ChIJRZsjAYOvQjQRWig7PJgJyO4,Kinokaffee Roast,"No. 57號, Lane 235, Zhongzheng Rd, Fulin Village, Shilin District, Taipei City, Taiwan 111",4.9,139,,25.0937203,121.5264609,True,,,09:00:00,18:30:00,09:00:00,18:30:00,09:00:00,18:30:00,09:00:00,18:30:00,09:00:00,18:30:00,09:00:00,18:30:00,https://maps.google.com/?cid=17206012925819168858,yes,,,捷運士林站,67.13079618553664,士林,33.01299747838743
623,ChIJd63_Y0OvQjQRuf4X_2mrkF8,風格司咖啡館士林官邸店,"No. 60號, Fulin Rd, 士林區 Shilin District, Taipei City, Taiwan 111",4.5,204,,25.0941519,121.5303342,True,09:30:00,17:00:00,09:30:00,17:00:00,09:30:00,17:00:00,09:30:00,17:00:00,,,09:30:00,17:00:00,09:30:00,17:00:00,https://maps.google.com/?cid=6886192301989166777,,,,士林官邸 (中山),207.44764428971456,士林,418.68349449275223
624,ChIJt7vNFFSvQjQRp-Cw_uCjY8k,INTRO Kitchen,"No. 21號, Lane 300, Jihe Rd, Fujia Village, Shilin District, Taipei City, Taiwan 11162",4.2,1317,,25.0937708,121.5185614,True,10:00:00,17:30:00,10:00:00,17:30:00,10:00:00,17:30:00,10:00:00,17:30:00,10:00:00,17:30:00,10:00:00,17:30:00,10:00:00,17:30:00,https://maps.google.com/?cid=14511622611058876583,,,,天文科學館,113.02141150216522,士林,775.8550198392716
627,ChIJnZy-IMqvQjQRhdX2w_4HcKs,Cafe La Connection,"No. 87號, Huasheng St, Fujia Village, Shilin District, Taipei City, Taiwan 111",4.8,140,,25.0948207,121.5221372,True,,,10:00:00,17:00:00,10:00:00,17:00:00,10:00:00,17:00:00,,,10:00:00,17:00:00,10:00:00,17:00:00,https://maps.google.com/?cid=12353382568668091781,,,,士林國中,74.48905494609969,士林,439.79432418036936
628,ChIJhbvwPLivQjQRiUrP5kJ1XzU,母后 Mother's Garden Cafe,"1樓, No. 7號, Lane 13, Tianmu W Rd, Tianyu Village, Shilin District, Taipei City, Taiwan 111",5.0,57,,25.1189353,121.5280542,True,,,09:30:00,18:30:00,09:30:00,18:30:00,09:30:00,18:30:00,09:30:00,18:30:00,09:30:00,18:30:00,09:30:00,18:30:00,https://maps.google.com/?cid=3845921536998328969,,,,齊福華廈,63.716318701306605,芝山,1851.028764345092
629,ChIJJ7DfHBGvQjQRC1u6h7xxcDs,第二人生咖啡館天母店 Second Life Coffee｜咖啡｜輕食｜甜點｜,"No. 164號, Dexing E Rd, Zhongcheng Village, Shilin District, Taipei City, Taiwan 11147",4.7,289,2.0,25.1081408,121.5299463,True,09:00:00,17:00:00,09:00:00,17:00:00,,,09:00:00,17:00:00,09:00:00,17:00:00,09:00:00,17:00:00,09:00:00,17:00:00,https://maps.google.com/?cid=4283048300174269195,yes,,yes,德行忠誠路口,21.484307838806366,芝山,940.7489973188804
630,ChIJ77KEJzGvQjQRBMFo8JTHrPU,客美多咖啡 Komeda‘s Coffee - 士林店,"No. 124號, Zhongzheng Rd, Fuzhi Village, Shilin District, Taipei City, Taiwan 111",4.3,698,2.0,25.096068,121.5284158,True,08:00:00,20:00:00,08:00:00,20:00:00,08:00:00,20:00:00,08:00:00,20:00:00,08:00:00,20:00:00,08:00:00,20:00:00,08:00:00,20:00:00,https://maps.google.com/?cid=17702743677789061380,,,,福林國小,46.81114679922405,士林,359.32458391460364
632,ChIJ3UiyEZmuQjQRgy5D4PGPYno,Caffé Ruelle 巷子咖啡 （天母雨聲YuSheng)5月假日營業至15:45,"No. 31-1號, Section 2, Zhicheng Rd, Mingshan Village, Shilin District, Taipei City, Taiwan 111",4.4,768,1.0,25.1016634,121.5293492,True,07:00:00,15:45:00,07:00:00,16:45:00,07:00:00,16:45:00,07:00:00,16:45:00,07:00:00,16:45:00,07:00:00,16:45:00,07:00:00,15:45:00,https://maps.google.com/?cid=8818769289357241987,,,,名山里,38.2659383009976,芝山,704.697531506662
634,ChIJDwG_wryuQjQRyNmmmMYWS1M,金格點一杯咖啡｜台北士林空間租借,"11160, Taiwan, Taipei City, Shilin District, Fujia Village, Wenlin Rd, 479號481號",4.5,298,2.0,25.0960814,121.5242329,True,10:00:00,20:00:00,10:00:00,20:00:00,10:00:00,20:00:00,10:00:00,20:00:00,10:00:00,20:00:00,10:00:00,20:00:00,10:00:00,20:00:00,https://maps.google.com/?cid=6001915970621725128,,,yes,士林,21.3241012038517,士林,351.22808222970315
636,ChIJ45oJLh6vQjQRirxG0KgMRp8,Flower Island Brunch,"No. 9號, Lane 235, Zhongzheng Rd, Fulin Village, Shilin District, Taipei City, Taiwan 111",4.9,1029,,25.0948742,121.5261247,True,10:30:00,20:00:00,11:00:00,20:00:00,11:00:00,20:00:00,11:00:00,20:00:00,11:00:00,20:00:00,11:00:00,20:00:00,10:30:00,20:00:00,https://maps.google.com/?cid=11476874619588623498,,,,捷運士林站,45.67103627785846,士林,153.2865997745541
639,ChIJX3XyujOvQjQRrn7vlTQmGWY,Vagabond Cafe 流浪觀點,"No. 13, Fushou St, Jiujia Village, Shilin District, Taipei City, Taiwan 111",4.6,246,,25.0960392,121.5254268,True,11:00:00,23:00:00,11:00:00,00:00:00,,,11:00:00,00:00:00,11:00:00,00:00:00,11:00:00,00:00:00,11:00:00,00:00:00,https://maps.google.com/?cid=7356953473582071470,yes,,yes,捷運士林站(中正),83.97245621597435,士林,293.73006822448167
641,ChIJBeLlLLeuQjQRTCByYfH5R6g,秘食咖啡-士林店,"111, Taiwan, Taipei City, Shilin District, 前港里華齡街188號",4.2,1126,2.0,25.087721,121.5197703,True,09:00:00,17:00:00,09:00:00,17:00:00,09:00:00,17:00:00,09:00:00,17:00:00,09:00:00,14:00:00,09:00:00,17:00:00,09:00:00,17:00:00,https://maps.google.com/?cid=12125935336835653708,,,,前港公園,126.67875649601312,劍潭,648.544851523853
643,ChIJDWWceqGvQjQRqfiDiExbR0k,REEDS PIZZERIA & COFFEE 士林店,"No. 340-1號, Wenlin Rd, Fude Village, Shilin District, Taipei City, Taiwan 111012",3.8,56,,25.093215,121.5256491,True,09:00:00,19:00:00,09:00:00,19:00:00,09:00:00,19:00:00,09:00:00,19:00:00,09:00:00,19:00:00,09:00:00,19:00:00,09:00:00,19:00:00,https://maps.google.com/?cid=5280289472381188265,yes,,,士林區農會,41.81000290262948,士林,67.79752087602232
644,ChIJrz2BUJWvQjQRZ9Ho4rAZmn4,Caffe’ Rue Tianmu 路口加啡（天母店）,"No. 2號, Lane 35, Section 6, Zhongshan N Rd, Dexing Village, Shilin District, Taipei City, Taiwan 111",4.3,770,,25.1031837,121.5245927,True,07:00:00,17:45:00,07:00:00,17:45:00,07:00:00,17:45:00,07:00:00,17:45:00,07:00:00,17:45:00,07:00:00,17:45:00,07:00:00,17:45:00,https://maps.google.com/?cid=9122632242704208231,,,yes,德行(中山忠誠路口),51.054039259994255,芝山,210.0663852199019
645,ChIJSxHVM_OvQjQRVXbGAenRppE,士林貳貳參丼飯,"No. 11號, Lane 223, Zhongzheng Rd, Fulin Village, Shilin District, Taipei City, Taiwan 111",4.9,3181,1.0,25.0949137,121.5264319,True,,,17:00:00,20:30:00,17:00:00,20:30:00,17:00:00,20:30:00,17:00:00,20:30:00,17:00:00,20:30:00,17:00:00,20:30:00,https://maps.google.com/?cid=10495306780320888405,,,,捷運士林站(中正),69.33853686036687,士林,158.2717820146754
647,ChIJY-JpVEKvQjQRxcAoW__UHts,Louisa Coffee 路易莎咖啡(士林捷運門市),"No. 224號, Zhongzheng Rd, Jiujia Village, Shilin District, Taipei City, Taiwan 111",3.5,476,1.0,25.095512,121.5259846,True,07:00:00,21:00:00,07:00:00,21:00:00,07:00:00,21:00:00,07:00:00,21:00:00,07:00:00,21:00:00,07:00:00,21:00:00,07:00:00,21:00:00,https://maps.google.com/?cid=15789291536818684101,,,,捷運士林站(中正),9.409169043413822,士林,225.00275411093804
649,ChIJHR0dIIGvQjQRZVRBYUYu-_s,Matcha Little Prince-Shilin Store,"No. 20號, Lane 235, Zhongzheng Rd, Fulin Village, Shilin District, Taipei City, Taiwan 111",4.6,1463,,25.0945882,121.5259492,True,11:00:00,19:30:00,11:00:00,19:30:00,11:00:00,19:30:00,11:00:00,19:30:00,11:00:00,19:30:00,11:00:00,19:30:00,11:00:00,19:30:00,https://maps.google.com/?cid=18157157202488546405,,,,捷運士林站,47.91776181545511,士林,124.7746323047105
652,ChIJCRo5T6OuQjQReycCRWL9QzM,Twos Brunch Cafe,"No. 21號, Lane 235, Zhongzheng Rd, Fulin Village, Shilin District, Taipei City, Taiwan 111",4.2,674,1.0,25.0946414,121.5261921,True,07:00:00,14:00:00,07:00:00,14:00:00,07:00:00,14:00:00,,,07:00:00,14:00:00,07:00:00,14:00:00,07:00:00,14:00:00,https://maps.google.com/?cid=3694074717880330107,,,,捷運士林站,61.69090966191418,士林,127.12252770686011
655,ChIJH1eNdzGvQjQR5k9z7DvXMYs,Louisa Coffee 路易莎咖啡(士林至誠門市),"No. 35號, Section 2, Zhicheng Rd, Mingshan Village, Shilin District, Taipei City, Taiwan 111",4.1,100,1.0,25.1016506,121.5289993,True,07:00:00,19:00:00,07:00:00,19:00:00,07:00:00,19:00:00,07:00:00,19:00:00,07:00:00,19:00:00,07:00:00,19:00:00,07:00:00,19:00:00,https://maps.google.com/?cid=10030034497500827622,,,yes,名山里,62.13985023779811,芝山,670.5529716753988
656,ChIJu0udVqKuQjQR-us6gtCcMhI,MB White Coffee,"No. 120之2號, Zhongzheng Rd, Fuzhi Village, Shilin District, Taipei City, Taiwan 111",4.1,1436,2.0,25.0961655,121.5287792,True,11:00:00,21:00:00,11:00:00,21:00:00,11:00:00,21:00:00,11:00:00,21:00:00,11:00:00,21:00:00,11:00:00,21:00:00,11:00:00,21:00:00,https://maps.google.com/?cid=1311282860870265850,yes,,,福林國小,37.540070062899225,士林,390.86069322273187
658,ChIJox2jJKOuQjQRzOGO6aJhcAk,Tiamo Cafe 堤亞摩咖啡生活館 士林門市,"No. 210號, Zhongzheng Rd, Jiujia Village, Shilin District, Taipei City, Taiwan 111",4.3,139,1.0,25.095664,121.526615,True,11:00:00,19:00:00,09:00:00,17:00:00,09:00:00,19:00:00,09:00:00,19:00:00,09:00:00,19:00:00,09:00:00,19:00:00,11:00:00,19:00:00,https://maps.google.com/?cid=680150896063996364,,,,捷運士林站(中正),21.537061512047277,士林,243.1341375356166
659,ChIJTfP8wCKvQjQRZ8_4_nb2Ygc,Louisa Coffee,"111, Taiwan, Taipei City, Shilin District, Qiangang Village, Qiangang St, 11號1樓",3.4,586,1.0,25.0849641,121.5227025,True,07:00:00,20:00:00,07:00:00,20:00:00,07:00:00,20:00:00,07:00:00,20:00:00,07:00:00,20:00:00,07:00:00,20:00:00,07:00:00,20:00:00,https://maps.google.com/?cid=532258696927432551,,,,圓山皇宮大廈,162.71624625827735,劍潭,241.59931935197753
660,ChIJZc85mP-vQjQRenjCFHRVXvE,Corner Coffee,"No. 136號, Lane 39, Section 1, Shipai Rd, 北投區 Beitou District, Taipei City, Taiwan 112",4.8,578,2.0,25.1175282,121.50993,True,11:00:00,20:00:00,11:00:00,21:00:00,11:00:00,21:00:00,11:00:00,21:00:00,11:00:00,21:00:00,11:00:00,21:00:00,11:00:00,20:00:00,https://maps.google.com/?cid=17392432768004290682,,,,齊賢華廈,1548.9979007525733,芝山,2049.667611675913
661,ChIJk7jbcxKvQjQR-HWxzlgfSLY,山边咖啡 Brae Café,"No. 110-1號, Wenquan Rd, Linquan Village, Beitou District, Taipei City, Taiwan 11241",4.7,825,2.0,25.1362794,121.511012,True,11:00:00,17:00:00,10:00:00,17:00:00,10:00:00,17:00:00,,,10:00:00,17:00:00,10:00:00,17:00:00,11:00:00,18:00:00,https://maps.google.com/?cid=13134782779511371256,,,,天北站,2157.782016029321,芝山,3864.5183965697574
662,ChIJJzGtyjivQjQRenMG7LW-GWo,北投 千景咖啡 CJ COFFEE,"No. 200-9號, Guangming Rd, Chang'an Village, Beitou District, Taipei City, Taiwan 112",4.6,260,,25.1359519,121.5037138,True,10:00:00,18:00:00,10:00:00,18:00:00,10:00:00,18:00:00,10:00:00,18:00:00,10:00:00,18:00:00,10:00:00,18:00:00,10:00:00,18:00:00,https://maps.google.com/?cid=7645351530996331386,,,,天北站,2719.940494896513,芝山,4113.2168012520215
663,ChIJIzAxSgCvQjQRP4kH_C8T2Ac,Zao Cafe,"112, Taiwan, Taipei City, Beitou District, Datong Village, Lane 8, Yuren Rd, 3號2 樓",4.8,225,,25.1327138,121.4987251,True,08:30:00,19:30:00,09:00:00,21:00:00,09:00:00,21:00:00,11:00:00,21:00:00,13:00:00,21:00:00,09:00:00,21:00:00,11:00:00,21:00:00,https://maps.google.com/?cid=565222850047740223,,,,浮洲活動中心,2687.240587383575,芝山,4073.147328476348
664,ChIJy7z1FYWvQjQR9cjUzhxiTs0,MeJA Cafe（咖啡 甜點 早午餐）,"No. 21號, Lane 2, Guangming Rd, Zhongyang Village, Beitou District, Taipei City, Taiwan 112",4.5,323,,25.1310469,121.499878,True,08:00:00,17:00:00,08:00:00,17:00:00,,,08:00:00,18:00:00,08:00:00,18:00:00,08:00:00,18:00:00,08:00:00,17:00:00,https://maps.google.com/?cid=14793869701827315957,,yes,,浮洲活動中心,2556.2412233357036,芝山,3855.48036775543
665,ChIJqZiptBivQjQRmdV-u5szbtA,Reeds Coffee & Bakery Beitou,"No. 6號, Huanggang Rd, Zhongyang Village, Beitou District, Taipei City, Taiwan 112",4.3,583,2.0,25.133288,121.502039,True,08:00:00,20:30:00,08:00:00,20:30:00,08:00:00,20:30:00,08:00:00,20:30:00,08:00:00,20:30:00,08:00:00,20:30:00,08:00:00,20:30:00,https://maps.google.com/?cid=15018998551285781913,,,yes,天北站,2727.2203265079,芝山,3939.651698021509
666,ChIJXedTp3mvQjQRZ-M0y1pAEXA,UKIYO,"No. 15號, Yumin 3rd Rd, Zhenhua Village, Beitou District, Taipei City, Taiwan 112",4.5,634,,25.1161017,121.5165131,True,09:00:00,17:00:00,09:00:00,17:00:00,09:00:00,17:00:00,09:00:00,17:00:00,,,09:00:00,17:00:00,09:00:00,17:00:00,https://maps.google.com/?cid=8075306365552485223,yes,,,齊賢華廈,918.5943099987362,芝山,1572.3491934532537
667,ChIJQ-XN0YyvQjQRMdAUlIogZts,休息咖啡館chill cafe 週三公休,"112, Taiwan, Taipei City, Beitou District, Linong Village, 西安街二段259巷6號",4.8,227,,25.119817,121.5071227,True,09:30:00,18:00:00,09:30:00,18:00:00,09:30:00,18:00:00,,,09:30:00,18:00:00,09:30:00,18:00:00,09:30:00,18:00:00,https://maps.google.com/?cid=15809359321492672561,,,yes,齊賢華廈,1835.4592580306714,芝山,2424.9715704619593
668,ChIJnWGDlLKvQjQRTjk8b6Zq9wE,豆咖啡 BEANCAFE 【稻香店】手沖/現烘精品莊園咖啡專門店 ［胭脂。北投］（豆咖啡 Beancafe）,"No. 79-2號, Daoxiang Rd, Daoxiang Village, Beitou District, Taipei City, Taiwan 112",4.7,285,2.0,25.1405975,121.4895008,True,10:00:00,19:00:00,10:00:00,19:00:00,10:00:00,19:00:00,10:00:00,19:00:00,10:00:00,19:00:00,10:00:00,19:00:00,10:00:00,19:00:00,https://maps.google.com/?cid=141699176348793166,,,,浮洲活動中心,3414.234015562404,芝山,5332.110466387052
669,ChIJ1WU2R1GuQjQRxC5o3mWPKfs,N° Café,"No. 18號, Yuren Rd, Datong Village, Beitou District, Taipei City, Taiwan 112",4.2,596,2.0,25.1330916,121.4983165,True,09:00:00,19:00:00,09:00:00,19:00:00,09:00:00,19:00:00,09:00:00,19:00:00,09:00:00,19:00:00,09:00:00,19:00:00,09:00:00,19:00:00,https://maps.google.com/?cid=18098154245250887364,,yes,,浮洲活動中心,2713.8836136012496,芝山,4131.248833392947
670,ChIJZ3VebZevQjQRcQ0zXZheqEE,豆咖啡 BEANCAFE | 豆三 | 虹吸專門 Nur Siphon coffee • 頂級咖啡豆烘焙,"No. 73號, Yuren Rd, Datong Village, Beitou District, Taipei City, Taiwan 112",4.8,260,,25.1340461,121.4986343,True,10:00:00,19:00:00,10:00:00,19:00:00,10:00:00,19:00:00,10:00:00,19:00:00,10:00:00,19:00:00,10:00:00,19:00:00,10:00:00,19:00:00,https://maps.google.com/?cid=4731135417044372849,,,,浮洲活動中心,2824.350225202721,芝山,4198.539840682166
672,ChIJ4cQJ4KivQjQR1Tvuk-F3hxo,1996 COFFEE,"No. 19號, Ligong St, Yide Village, Beitou District, Taipei City, Taiwan 112",4.3,292,,25.1247339,121.4678512,True,09:00:00,18:30:00,08:00:00,19:00:00,08:00:00,19:00:00,08:00:00,19:00:00,08:00:00,19:00:00,08:00:00,19:00:00,09:00:00,18:30:00,https://maps.google.com/?cid=1911628377575275477,,,yes,富洲里,1711.4636916738948,芝山,6016.239290740607
673,ChIJtyQGNEWuQjQRjsXfFxN-rug,FuCun Coffee,"112, Taiwan, Taipei City, Beitou District, Chang'an Village, Guangming Rd, 220號1樓",4.8,174,,25.1362525,121.5046756,True,11:00:00,22:00:00,11:00:00,22:00:00,11:00:00,22:00:00,11:00:00,22:00:00,11:00:00,22:00:00,11:00:00,22:00:00,11:00:00,22:00:00,https://maps.google.com/?cid=16766477083216954766,,yes,,天北站,2656.7261274926814,芝山,4099.292195271139
675,ChIJS9ycFIuuQjQRoVhs4LRjeGY,MD cafe,"No. 293號, Section 2, Linong St, Donghua Village, Beitou District, Taipei City, Taiwan 112",4.5,767,1.0,25.1187653,121.5159171,True,,,08:00:00,16:00:00,08:00:00,16:00:00,08:00:00,16:00:00,08:00:00,16:00:00,08:00:00,16:00:00,08:00:00,16:00:00,https://maps.google.com/?cid=7383761217584388257,,,,齊賢華廈,942.7753283400075,芝山,1868.6938892443488
677,ChIJpdLA31CuQjQR6ZAVzzHBgcc,LOUISA COFFEE Beitoushe Shop,"112, Taiwan, Taipei City, Beitou District, Datong Village, Guangming Rd, 65號1 樓",4.0,1125,1.0,25.1330077,121.5001395,True,07:00:00,20:00:00,07:00:00,20:00:00,07:00:00,20:00:00,07:00:00,20:00:00,07:00:00,20:00:00,07:00:00,20:00:00,07:00:00,20:00:00,https://maps.google.com/?cid=14375983905215189225,yes,,yes,浮洲活動中心,2767.3035191242875,芝山,4017.6595342317496
678,ChIJZVCLpJqvQjQRT3oDbysd7PE,A N G L E II,"112, Taiwan, Taipei City, Beitou District, Zhenhua Village, Ronghua 3rd Rd, 36號1 樓",4.4,413,,25.1140958,121.5209802,True,11:00:00,18:00:00,11:00:00,18:00:00,11:00:00,18:00:00,11:00:00,18:00:00,11:00:00,18:00:00,11:00:00,18:00:00,11:00:00,18:00:00,https://maps.google.com/?cid=17432340330027645519,,,,士東國小,558.5640528109263,芝山,1238.524713375576
679,ChIJAf-5I1uvQjQR9_Z7U9qNSss,咖啡弄 X 覓覓商行 Coffee Alley with mimi shop,"112, Taiwan, Taipei City, Beitou District, Fuxing Village, Section 2, Zhiyuanyi Rd, 127號1樓",4.5,48,,25.1135885,121.5124366,True,09:30:00,17:30:00,09:30:00,17:30:00,09:30:00,17:30:00,09:30:00,17:30:00,09:30:00,17:30:00,09:30:00,17:30:00,09:30:00,17:30:00,https://maps.google.com/?cid=14648676706818979575,yes,,yes,蘭雅國小,1245.0026990799338,芝山,1552.1386875368962
680,ChIJybGQCXCvQjQRX1vw0Wi0ue4,WENISM CAFE 走馬啡 北投老爺,"No. 2號, Zhonghe St, Zhongxin Village, Beitou District, Taipei City, Taiwan 112",4.6,69,,25.137558,121.503699,True,10:00:00,18:00:00,10:00:00,18:00:00,10:00:00,18:00:00,10:00:00,18:00:00,10:00:00,18:00:00,10:00:00,18:00:00,10:00:00,18:00:00,https://maps.google.com/?cid=17201978614010108767,,,,天北站,2819.8304423911927,芝山,4272.535212691337
682,ChIJcUzB8bWvQjQRQnP7TvrtVoo,根在上咖啡烘焙館ORi'nTention Coffee Roasters,"No. 308號, Mingde Rd, Ronghua Village, Beitou District, Taipei City, Taiwan 11280",4.9,61,,25.1152662,121.5220581,True,,,13:30:00,18:00:00,13:30:00,18:00:00,13:30:00,18:00:00,13:30:00,18:00:00,13:30:00,18:00:00,13:30:00,18:00:00,https://maps.google.com/?cid=9968416484553880386,,,,天壽里,463.68070241851586,芝山,1359.2026228302818
683,ChIJZbaKGR-vQjQRkWsOAD0pLSQ,穠咖啡 Nongcoffeeroaster（無訂位）,"No. 146號, Mingde Rd, Ronghua Village, Beitou District, Taipei City, Taiwan 112",4.5,371,,25.1105153,121.5208323,True,11:00:00,18:00:00,11:00:00,18:00:00,11:00:00,18:00:00,11:00:00,18:00:00,11:00:00,18:00:00,11:00:00,18:00:00,11:00:00,18:00:00,https://maps.google.com/?cid=2606785101288074129,,,,蘭雅國小,336.1603202815253,芝山,849.3495893282856
687,ChIJI9KEY1GuQjQRwkpKy4aN7LQ,豆咖啡 BEANCAFE【豆二】咖啡豆烘焙專門店｜濾掛咖啡｜咖啡禮盒｜台北伴手禮｜北投伴手禮｜手沖咖啡,"No. 49號, Section 1, Fengnian Rd, Datong Village, Beitou District, Taipei City, Taiwan 112",4.5,257,,25.1340314,121.4972653,True,09:30:00,17:00:00,09:30:00,18:00:00,09:30:00,18:00:00,09:30:00,18:00:00,09:30:00,18:00:00,09:30:00,18:00:00,09:30:00,17:00:00,https://maps.google.com/?cid=13036950631406521026,,,,浮洲活動中心,2783.5110374876112,芝山,4277.941712004442
688,ChIJh8HAJFGuQjQRTdJEMlGhRbc,Slipper Cafe 拖鞋咖啡,"No. 15號, Datong St, Datong Village, Beitou District, Taipei City, Taiwan 112",4.5,367,2.0,25.1327392,121.4992283,True,10:00:00,18:00:00,11:00:00,18:00:00,,,11:00:00,18:00:00,11:00:00,18:00:00,11:00:00,18:00:00,10:00:00,18:00:00,https://maps.google.com/?cid=13206138852441641549,,,,浮洲活動中心,2706.8509005176916,芝山,4045.745869732619
692,ChIJNXZlAlSuQjQRR2VnVPuQQnY,Dante Coffee,"No. 462-8號, Daye Rd, Datong Village, Beitou District, Taipei City, Taiwan 112",4.1,678,2.0,25.1319444,121.4969444,True,07:00:00,21:00:00,07:00:00,21:00:00,07:00:00,21:00:00,07:00:00,21:00:00,07:00:00,21:00:00,07:00:00,21:00:00,07:00:00,21:00:00,https://maps.google.com/?cid=8521532854065653063,,,,浮洲活動中心,2552.0837155432237,芝山,4114.7317756002685
695,ChIJoTpjJACvQjQRp1eoECTEak4,HeyBrown 嘿布朗咖啡館,"No. 1號, Lane 68, Section 2, Shipai Rd, Zhenhua Village, Beitou District, Taipei City, Taiwan 112",4.5,193,,25.1164542,121.5163768,True,,,09:00:00,21:00:00,09:00:00,21:00:00,09:00:00,21:00:00,09:00:00,21:00:00,09:00:00,21:00:00,10:00:00,21:00:00,https://maps.google.com/?cid=5650544341667043239,,,,齊賢華廈,921.7926681013267,芝山,1613.6806368098173
696,ChIJewavdIyuQjQR2GQkxk-ZSgo,Coffee Smith 石牌店,"No. 31號, Lane 333, Mingde Rd, Zhenhua Village, Beitou District, Taipei City, Taiwan 112",4.3,903,2.0,25.1164144,121.518498,True,10:30:00,21:00:00,10:30:00,16:00:00,,,10:30:00,21:00:00,10:30:00,21:00:00,10:30:00,21:00:00,10:30:00,21:00:00,https://maps.google.com/?cid=741573656561607896,,,,齊賢華廈,717.0726206937198,芝山,1539.973347606814
697,ChIJU7xvdTmvQjQRSVdo1BZZYMc,無眠workshop /無訂位/最後點餐時間為打烊前一小時,"No. 22號, Fuxing 4th Rd, Kaiming Village, Beitou District, Taipei City, Taiwan 112",4.4,254,2.0,25.1419409,121.500039,True,10:00:00,16:45:00,10:00:00,16:45:00,10:00:00,16:45:00,10:00:00,16:45:00,10:00:00,16:45:00,10:00:00,16:45:00,10:00:00,18:00:00,https://maps.google.com/?cid=14366580765899642697,,,,天北站,3406.19840797107,芝山,4872.828720489832
698,ChIJDXJsr3ivQjQRNoCXn_E8sHU,MR.TSUO Cafe 左爺爺咖啡廳｜咖啡甜點｜場地租借｜茶點外燴｜點心餐盒｜會議包場,"112, Taiwan, Taipei City, Beitou District, Shipai Village, Mingde Rd, 61號明德國中對面1樓",4.5,277,,25.108234,121.5184305,True,08:30:00,18:30:00,08:30:00,18:30:00,09:00:00,18:30:00,08:30:00,18:30:00,08:30:00,18:30:00,08:30:00,18:30:00,08:30:00,18:30:00,https://maps.google.com/?cid=8480345106800934966,yes,yes,yes,蘭雅國小,474.65752400733527,芝山,711.2127363853213
701,ChIJDXnPZkWuQjQRwLgmWc4pV2g,Louisa Coffee 路易莎咖啡(新北投直營門市),"No. 22號, Zhonghe St, Zhongxin Village, Beitou District, Taipei City, Taiwan 112",3.5,681,1.0,25.1378917,121.5030594,True,07:00:00,19:00:00,07:00:00,19:00:00,07:00:00,19:00:00,07:00:00,19:00:00,07:00:00,19:00:00,07:00:00,19:00:00,07:00:00,19:00:00,https://maps.google.com/?cid=7518524069154044096,,,yes,天北站,2893.851173185784,芝山,4334.505240001025
702,ChIJIYAlMZevQjQRdEgcIZR7bB4,CHUN COFFEE,"No. 126號, Ziqiang St, Shipai Village, Beitou District, Taipei City, Taiwan 112",4.7,186,,25.1108689,121.5158843,True,09:00:00,18:00:00,09:00:00,18:00:00,09:00:00,18:00:00,09:00:00,18:00:00,09:00:00,18:00:00,09:00:00,18:00:00,09:00:00,18:00:00,https://maps.google.com/?cid=2192262994763466868,,,,蘭雅國小,798.8295109281888,芝山,1098.6556639641847
703,ChIJ2V5TzoKvQjQRElKcpcyxZOw,TSUZUKU Coffee 精品咖啡,"No. 141號, Lane 166, Section 1, Shipai Rd, Rongguang Village, Beitou District, Taipei City, Taiwan 112",4.8,59,,25.1113645,121.5159562,True,09:30:00,18:00:00,09:30:00,18:00:00,09:30:00,18:00:00,09:30:00,18:00:00,09:30:00,18:00:00,09:30:00,18:00:00,09:30:00,18:00:00,https://maps.google.com/?cid=17033935183131988498,,,,蘭雅國小,816.1589039939839,芝山,1138.4509217806228
704,ChIJ5fZ6JPWuQjQRhOAyT1pZwTE,台灣惠蓀咖啡 陽明店,"Boya Center, No. 155號, Section 2, Linong St, Donghua Village, Beitou District, Taipei City, Taiwan 112",4.0,571,2.0,25.121228,121.5129696,True,08:00:00,19:00:00,08:00:00,19:00:00,08:00:00,19:00:00,08:00:00,19:00:00,08:00:00,19:00:00,08:00:00,19:00:00,08:00:00,19:00:00,https://maps.google.com/?cid=3585245022774288516,,,,齊賢華廈,1277.6517120526896,芝山,2236.8215679709037
705,ChIJsc55jIyuQjQRhGzxrROFHhk,Laoo Coffee,"No. 528號, Section 1, Donghua St, Zhenhua Village, Beitou District, Taipei City, Taiwan 112",4.2,697,1.0,25.1144444,121.5161111,True,09:00:00,17:00:00,08:00:00,17:00:00,08:00:00,17:00:00,,,08:00:00,17:00:00,08:00:00,17:00:00,08:00:00,17:00:00,https://maps.google.com/?cid=1810030419818671236,,,,蘭雅國小,977.6138604821723,芝山,1422.6764946715266
706,ChIJabaKSj-vQjQRZvM29tzlTsI,Ramble Cafe 漫步藍咖啡-北投店,"112, Taiwan, Taipei City, Beitou District, Zhongyang Village, Section 1, Zhongyang S Rd, 64號1樓",4.5,37,,25.1316818,121.5012389,True,08:30:00,16:00:00,08:00:00,16:00:00,08:00:00,16:00:00,08:00:00,16:00:00,08:00:00,16:00:00,08:00:00,16:00:00,08:30:00,16:00:00,https://maps.google.com/?cid=14001381028727812966,,,,浮洲活動中心,2676.1675014589164,芝山,3833.8788387233126
708,ChIJgW7nPkWuQjQRGwTLuQU2QaI,拾米屋咖哩店 - SheMe House Curry,"No. 12號右側, Quanyuan Rd, Zhongxin Village, Beitou District, Taipei City, Taiwan 112",4.1,1073,2.0,25.137063,121.504345,True,11:00:00,21:00:00,11:00:00,21:00:00,11:00:00,21:00:00,11:00:00,21:00:00,11:00:00,21:00:00,11:00:00,21:00:00,11:00:00,21:00:00,https://maps.google.com/?cid=11691685505850344475,,,,天北站,2735.0046629431777,芝山,4194.606144580306
709,ChIJH9j4q4muQjQRu9ywBVKUubU,At Ease Cafe,"No. 3號, Lane 130, Tianmu W Rd, Ronghua Village, Beitou District, Taipei City, Taiwan 11283",4.4,568,2.0,25.1188388,121.5224172,True,09:00:00,21:00:00,09:00:00,21:00:00,09:00:00,21:00:00,09:00:00,21:00:00,09:00:00,21:00:00,09:00:00,21:00:00,09:00:00,21:00:00,https://maps.google.com/?cid=13094660471560133819,,,,齊賢華廈,290.15323491696324,芝山,1754.189501537116
711,ChIJlyMajuetQjQRXtB74oN2G9Q,Grass Mountain Coffee,"No. 472號, Section 5, Zhongshan N Rd, Fulin Village, Shilin District, Taipei City, Taiwan 111",4.7,502,2.0,25.0923696,121.5281814,True,08:15:00,17:15:00,08:15:00,17:15:00,08:15:00,17:15:00,08:15:00,17:15:00,08:15:00,17:15:00,08:15:00,17:15:00,08:15:00,17:15:00,https://maps.google.com/?cid=15283940069224468574,,,,捷運士林站 (中山),63.90352770273587,士林,231.56545812039187
715,ChIJ60Vg5pGuQjQRCmBofcgC1Ik,Rising Sun Coffee,"No. 10號, Lane 150, Mingde Rd, Ronghua Village, Beitou District, Taipei City, Taiwan 112",4.6,81,,25.1104032,121.5210592,True,,,10:30:00,18:00:00,10:30:00,18:00:00,10:30:00,18:00:00,10:30:00,18:00:00,10:30:00,18:00:00,09:30:00,18:00:00,https://maps.google.com/?cid=9931566138379493386,,,,蘭雅國小,310.1761301253369,芝山,832.8367830790888
